"","iSensor","p_val","avg_log2FC","pct.1","pct.2","p_val_adj","celltype"
"1","AT-aux-trans-Synthesis",2.5171712495345e-24,-2.69432528447252,0.489,0.962,1.68650473718812e-22,"Daughters_CEI"
"2","AT-aux-cistrans-DR5-ARF2-down",1.73353977643878e-23,-0.955306828465707,1,1,1.16147165021399e-21,"Daughters_CEI"
"3","AT-aux-cistrans-DR5-ARF5syn-down",4.3494122743669e-23,-0.546589230089796,1,1,2.91410622382582e-21,"Daughters_CEI"
"4","random2",1.21931141899999e-19,-0.414829284786286,1,1,8.16938650729996e-18,"Daughters_CEI"
"5","AT-aux-cistrans-DR5-ARF5-1-down",4.52946356295049e-19,-0.603236453245628,1,1,3.03474058717683e-17,"Daughters_CEI"
"6","AT-aux-cistrans-IR8-ARF5syn-down",7.58207619834969e-16,-0.531819746429248,1,1,5.0799910528943e-14,"Daughters_CEI"
"7","AT-aux-cis-IR8-ARF1",1.55111915482893e-15,-0.474515861742973,1,1,1.03924983373538e-13,"Daughters_CEI"
"8","AT-aux-cistrans-DR5-ARF5syn-up",5.17645854275377e-15,0.398189953176558,1,1,3.46822722364502e-13,"Daughters_CEI"
"9","AT-aux-cistrans-DR5-ARF6-down",9.96181267310543e-14,-0.565910584862412,1,1,6.67441449098064e-12,"Daughters_CEI"
"10","AT-aux-cistrans-DR5-ARF8-down",9.96181267310543e-14,-0.565910584862412,1,1,6.67441449098064e-12,"Daughters_CEI"
"11","AT-aux-cistrans-DR5-TGTCNN-down",2.15529176331931e-13,-0.668605051477175,0.996,1,1.44404548142394e-11,"Daughters_CEI"
"12","AT-aux-cistrans-IR8-ARF5syn-up",3.90577944836735e-12,0.385794595736002,1,1,2.61687223040612e-10,"Daughters_CEI"
"13","AT-aux-cis-DR5-ARF5-1",8.67448730299818e-12,-0.217586145483248,1,1,5.81190649300878e-10,"Daughters_CEI"
"14","AT-aux-trans-IAA",1.05462511703758e-11,-0.671374223357175,0.996,1,7.06598828415177e-10,"Daughters_CEI"
"15","AT-aux-cistrans-DR5-ARF5-2-up",1.47866544833804e-11,0.758840856630044,0.996,1,9.90705850386486e-10,"Daughters_CEI"
"16","AT-aux-cis-DR5-TGTCNN",1.54221493878089e-11,-0.255845521182355,1,1,1.0332840089832e-09,"Daughters_CEI"
"17","AT-aux-cistrans-IR8-ARF5-1-up",2.79212864145783e-11,0.481904754478033,1,1,1.87072618977674e-09,"Daughters_CEI"
"18","AT-aux-cistrans-DR5-ARF3-down",3.29590292882408e-11,-0.715579544063847,1,1,2.20825496231213e-09,"Daughters_CEI"
"19","AT-aux-cistrans-DR5-ARF2-up",1.47059490651541e-09,0.431335151257214,1,1,9.85298587365324e-08,"Daughters_CEI"
"20","AT-aux-cis-DR5-ARF2",1.64740657459067e-09,-0.196471222101014,1,1,1.10376240497575e-07,"Daughters_CEI"
"21","AT-aux-cistrans-IR8-ARF6-up",3.89846633503033e-08,0.520147689003333,1,1,2.61197244447032e-06,"Daughters_CEI"
"22","AT-aux-cistrans-IR8-ARF8-up",3.89846633503033e-08,0.520147689003333,1,1,2.61197244447032e-06,"Daughters_CEI"
"23","AT-aux-cis-DR5-ARF5-2",8.28354378919886e-07,-0.173188422093787,1,1,5.54997433876324e-05,"Daughters_CEI"
"24","AT-aux-cistrans-DR5-ARF6-up",1.46333903977677e-06,0.334744069034128,1,1,9.80437156650433e-05,"Daughters_CEI"
"25","AT-aux-cistrans-DR5-ARF8-up",1.46333903977677e-06,0.334744069034128,1,1,9.80437156650433e-05,"Daughters_CEI"
"26","AT-aux-cis-DR5-ARF3",1.53668229806655e-06,-0.187419044417648,1,1,0.000102957713970459,"Daughters_CEI"
"27","AT-aux-cistrans-DR5-TGTCNN-up",1.92439586443875e-06,0.331299623906633,1,1,0.000128934522917396,"Daughters_CEI"
"28","AT-aux-cistrans-DR5-ARF5-1-up",3.31870924007526e-06,0.271261970562208,1,1,0.000222353519085042,"Daughters_CEI"
"29","AT-aux-cis-DR5-ARF1",7.62861324529281e-06,-0.165626084738864,1,1,0.000511117087434618,"Daughters_CEI"
"30","AT-aux-cis-IR8-ARF5-1",2.12062448298678e-05,-0.132188743783674,1,1,0.00142081840360115,"Daughters_CEI"
"31","AT-aux-cis-DR5-ARF6",2.22722422038945e-05,-0.119714825723738,1,1,0.00149224022766093,"Daughters_CEI"
"32","AT-aux-cis-DR5-ARF8",2.22722422038945e-05,-0.119714825723738,1,1,0.00149224022766093,"Daughters_CEI"
"33","AT-aux-cistrans-IR8-ARF2-up",2.39024339686192e-05,0.385866434135226,1,1,0.00160146307589748,"Daughters_CEI"
"34","random1",3.53806317434311e-05,0.225752261181675,1,1,0.00237050232680988,"Daughters_CEI"
"35","AT-aux-cistrans-IR8-ARF1-up",0.000177894534803874,-0.898676285960869,0.268,0.487,0.0119189338318596,"Daughters_CEI"
"36","AT-aux-trans-PolarAuxinTransport",0.000264880241289544,-0.993811830311662,0.775,0.885,0.0177469761663995,"Daughters_CEI"
"37","AT-aux-cistrans-DR5-ARF1-up",0.000889347321017445,-0.313031593891101,1,1,0.0595862705081688,"Daughters_CEI"
"38","AT-aux-cistrans-DR5-ARF5-2-down",0.00137730750038047,-0.399526751484612,0.915,0.974,0.0922796025254916,"Daughters_CEI"
"39","AT-aux-cistrans-DR5-ARF3-up",0.00180488986814524,0.32155063782214,1,1,0.120927621165731,"Daughters_CEI"
"40","AT-aux-cistrans-IR8-ARF5-1-down",0.00184268064128394,-0.284490214990158,0.996,1,0.123459602966024,"Daughters_CEI"
"41","AT-aux-cistrans-IR8-ARF5-2-up",0.00282455201340359,0.437628505019869,1,1,0.189244984898041,"Daughters_CEI"
"42","AT-aux-cistrans-IR8-TGTCNN-up",0.00406297597441738,0.430131923394152,0.975,0.987,0.272219390285964,"Daughters_CEI"
"43","AT-aux-cis-DR5-ARF5syn",0.00415042905737394,-0.0790751632365766,1,1,0.278078746844054,"Daughters_CEI"
"44","AT-aux-cistrans-DR5-ARF1-down",0.00957683522775605,-0.400824355399039,0.923,0.987,0.641647960259656,"Daughters_CEI"
"45","AT-aux-cistrans-IR8-ARF3-up",0.0103599803161472,0.516164460944127,0.901,0.897,0.694118681181861,"Daughters_CEI"
"46","AT-aux-cis-IR8-ARF5-2",0.0114677839002349,-0.100436827229479,1,1,0.768341521315741,"Daughters_CEI"
"47","majortrend",0.0159159303201097,-0.0549830075342572,1,1,1,"Daughters_CEI"
"48","AT-aux-cistrans-IR8-ARF3-down",0.0223884021755497,-0.608065010112109,0.722,0.808,1,"Daughters_CEI"
"49","AT-aux-cistrans-IR8-ARF1-down",0.0338874408639409,-0.380617429964074,0.951,0.974,1,"Daughters_CEI"
"50","AT-aux-cis-IR8-ARF5syn",0.0430124724723332,-0.0475686154223713,1,1,1,"Daughters_CEI"
"51","AT-aux-cistrans-IR8-ARF5-2-down",0.0459609362183089,-0.304693385502571,0.827,0.936,1,"Daughters_CEI"
"52","AT-aux-trans-ARF",0.0691861962342057,0.206575678207298,0.954,0.974,1,"Daughters_CEI"
"53","AT-aux-cistrans-IR8-ARF6-down",0.134367789714659,-0.101557658475541,0.961,1,1,"Daughters_CEI"
"54","AT-aux-cistrans-IR8-ARF8-down",0.134367789714659,-0.101557658475541,0.961,1,1,"Daughters_CEI"
"55","AT-aux-cistrans-IR8-TGTCNN-down",0.210864517439362,-0.249058046293645,0.718,0.833,1,"Daughters_CEI"
"56","AT-aux-trans-Receptors",0.226158228768259,0.291668395453417,0.831,0.846,1,"Daughters_CEI"
"57","AT-aux-trans-A-ARF",0.381719790677992,0.129398985208911,0.831,0.859,1,"Daughters_CEI"
"58","AT-aux-trans-ConjugationDeconjugation",0.415530468903835,-0.0201728265939642,0.993,1,1,"Daughters_CEI"
"59","AT-aux-cistrans-IR8-ARF2-down",0.451996291965369,0.171803667734507,0.905,0.974,1,"Daughters_CEI"
"60","AT-aux-cis-IR8-TGTCNN",0.471441134997991,-0.0380847375514328,1,1,1,"Daughters_CEI"
"61","AT-aux-trans-Transport",0.520109968276906,-0.201712955692441,0.986,0.987,1,"Daughters_CEI"
"62","AT-aux-cis-IR8-ARF2",0.5409259632838,0.0205076641704773,1,1,1,"Daughters_CEI"
"63","AT-aux-cis-IR8-ARF3",0.669415029217008,-0.0345187891835026,1,1,1,"Daughters_CEI"
"64","random3",0.735533646429467,-0.0106035920289304,1,1,1,"Daughters_CEI"
"65","AT-aux-cis-DR5-TGTCGG",0.767968778886665,-0.113763243005508,0.951,0.962,1,"Daughters_CEI"
"66","AT-aux-cis-IR8-ARF6",0.846469984073662,-0.0189218933711216,1,1,1,"Daughters_CEI"
"67","AT-aux-cis-IR8-ARF8",0.846469984073662,-0.0189218933711216,1,1,1,"Daughters_CEI"
"68","AT-aux-cistrans-DR5-ARF2-down",3.05839902122397e-28,-1.12217170503634,1,1,2.04912734422006e-26,"Daughters_LRCEI"
"69","AT-aux-cistrans-DR5-ARF5syn-down",9.95561478145862e-26,-0.636484916468714,1,1,6.67026190357728e-24,"Daughters_LRCEI"
"70","AT-aux-cistrans-DR5-ARF5-1-down",1.46882445303574e-24,-0.805017869461613,1,1,9.84112383533943e-23,"Daughters_LRCEI"
"71","AT-aux-cistrans-DR5-ARF6-down",3.97469934067031e-19,-0.655558878378377,1,1,2.66304855824911e-17,"Daughters_LRCEI"
"72","AT-aux-cistrans-DR5-ARF8-down",3.97469934067031e-19,-0.655558878378377,1,1,2.66304855824911e-17,"Daughters_LRCEI"
"73","AT-aux-cis-DR5-TGTCNN",4.98279235124199e-18,-0.309361051897146,1,1,3.33847087533213e-16,"Daughters_LRCEI"
"74","AT-aux-cis-DR5-ARF5-1",4.45255087338473e-16,-0.243027985581461,1,1,2.98320908516777e-14,"Daughters_LRCEI"
"75","AT-aux-cis-DR5-ARF2",1.75023641199788e-15,-0.247444649579442,1,1,1.17265839603858e-13,"Daughters_LRCEI"
"76","AT-aux-cistrans-DR5-TGTCNN-down",3.6780779108198e-15,-0.576454154185129,1,1,2.46431220024927e-13,"Daughters_LRCEI"
"77","AT-aux-cistrans-DR5-ARF3-down",1.12605001691345e-14,-0.786987421956142,1,0.991,7.54453511332009e-13,"Daughters_LRCEI"
"78","random2",7.00478221637875e-14,-0.317190412600232,1,1,4.69320408497376e-12,"Daughters_LRCEI"
"79","AT-aux-cis-IR8-ARF1",5.10913147420737e-13,-0.347130336086102,1,1,3.42311808771894e-11,"Daughters_LRCEI"
"80","AT-aux-cis-DR5-ARF1",7.5976475592295e-13,-0.227296168738696,1,1,5.09042386468376e-11,"Daughters_LRCEI"
"81","AT-aux-cis-DR5-ARF6",1.25789378844306e-11,-0.200222562622519,1,1,8.42788838256851e-10,"Daughters_LRCEI"
"82","AT-aux-cis-DR5-ARF8",1.25789378844306e-11,-0.200222562622519,1,1,8.42788838256851e-10,"Daughters_LRCEI"
"83","AT-aux-cis-DR5-ARF3",1.3166285259311e-11,-0.233666880753576,1,1,8.82141112373834e-10,"Daughters_LRCEI"
"84","AT-aux-cis-IR8-TGTCNN",3.30921844834948e-11,-0.273809530268275,1,1,2.21717636039415e-09,"Daughters_LRCEI"
"85","AT-aux-cis-IR8-ARF5-1",3.78387038017364e-11,-0.202961641743065,1,1,2.53519315471634e-09,"Daughters_LRCEI"
"86","AT-aux-cis-DR5-ARF5syn",1.99907927153423e-10,-0.171271264457264,1,1,1.33938311192793e-08,"Daughters_LRCEI"
"87","AT-aux-cis-DR5-ARF5-2",4.68333603002246e-10,-0.221504260771686,1,1,3.13783514011505e-08,"Daughters_LRCEI"
"88","AT-aux-cistrans-IR8-ARF5-1-up",5.61164973502107e-09,0.367452930504426,1,1,3.75980532246412e-07,"Daughters_LRCEI"
"89","majortrend",5.74637205361127e-09,-0.147186530642116,1,1,3.85006927591955e-07,"Daughters_LRCEI"
"90","AT-aux-cistrans-IR8-ARF5syn-down",3.30938613965861e-08,-0.319696135913531,1,1,2.21728871357127e-06,"Daughters_LRCEI"
"91","AT-aux-cis-IR8-ARF5-2",4.4315832204015e-08,-0.197988913270985,1,1,2.96916075766901e-06,"Daughters_LRCEI"
"92","AT-aux-cistrans-DR5-ARF5-2-up",8.23929163129143e-08,0.537941121209675,1,1,5.52032539296526e-06,"Daughters_LRCEI"
"93","AT-aux-cis-IR8-ARF3",2.92706700191691e-07,-0.224816730642632,1,1,1.96113489128433e-05,"Daughters_LRCEI"
"94","AT-aux-trans-IAA",8.00303608939787e-07,-0.615289222197716,1,1,5.36203417989657e-05,"Daughters_LRCEI"
"95","AT-aux-cistrans-DR5-ARF1-down",3.42436175916459e-06,-0.341659461218223,0.948,0.991,0.000229432237864028,"Daughters_LRCEI"
"96","AT-aux-cistrans-IR8-ARF3-down",7.76842183407331e-06,-0.761724672750206,0.76,0.905,0.000520484262882911,"Daughters_LRCEI"
"97","AT-aux-cis-IR8-ARF5syn",1.48761938942452e-05,-0.113267038550756,1,1,0.000996704990914431,"Daughters_LRCEI"
"98","AT-aux-trans-ConjugationDeconjugation",3.31129395241922e-05,-0.405355819384984,1,1,0.00221856694812087,"Daughters_LRCEI"
"99","AT-aux-cistrans-IR8-ARF1-down",0.000110387828518753,-0.455308874334838,0.943,0.974,0.00739598451075644,"Daughters_LRCEI"
"100","AT-aux-cistrans-IR8-ARF5syn-up",0.000114420702481762,0.159668701052723,1,1,0.00766618706627805,"Daughters_LRCEI"
"101","AT-aux-cistrans-IR8-ARF5-2-up",0.000206272043154104,0.405819249136198,1,1,0.0138202268913249,"Daughters_LRCEI"
"102","AT-aux-trans-PolarAuxinTransport",0.000513430113463757,0.578481882870971,0.87,0.966,0.0343998176020717,"Daughters_LRCEI"
"103","AT-aux-cis-IR8-ARF6",0.00061257434910156,-0.0983495272822519,1,1,0.0410424813898045,"Daughters_LRCEI"
"104","AT-aux-cis-IR8-ARF8",0.00061257434910156,-0.0983495272822519,1,1,0.0410424813898045,"Daughters_LRCEI"
"105","AT-aux-cistrans-IR8-ARF5-1-down",0.00117417961247076,-0.231298874067797,1,1,0.0786700340355411,"Daughters_LRCEI"
"106","AT-aux-cistrans-DR5-ARF5-2-down",0.00145039063054471,-0.202155100303155,0.938,1,0.0971761722464957,"Daughters_LRCEI"
"107","AT-aux-cistrans-DR5-ARF5syn-up",0.00252276363886689,0.134064934026414,1,1,0.169025163804081,"Daughters_LRCEI"
"108","AT-aux-trans-Transport",0.00388649579266983,-0.0921184101942498,0.984,1,0.260395218108879,"Daughters_LRCEI"
"109","AT-aux-cistrans-IR8-TGTCNN-up",0.00442304848874496,-0.27132073747103,0.979,0.991,0.296344248745912,"Daughters_LRCEI"
"110","AT-aux-cistrans-IR8-TGTCNN-down",0.00505613146207599,-0.445007591519124,0.76,0.845,0.338760807959091,"Daughters_LRCEI"
"111","AT-aux-cistrans-IR8-ARF6-down",0.0178709651025497,-0.219655705568853,0.99,1,1,"Daughters_LRCEI"
"112","AT-aux-cistrans-IR8-ARF8-down",0.0178709651025497,-0.219655705568853,0.99,1,1,"Daughters_LRCEI"
"113","AT-aux-trans-Synthesis",0.059383821887317,-1.10375799957029,0.531,0.595,1,"Daughters_LRCEI"
"114","AT-aux-cistrans-IR8-ARF5-2-down",0.0722608099391967,-0.214441876524064,0.844,0.897,1,"Daughters_LRCEI"
"115","AT-aux-cistrans-DR5-ARF3-up",0.0819060549477981,0.15036344226046,1,1,1,"Daughters_LRCEI"
"116","AT-aux-cistrans-IR8-ARF1-up",0.102783965232607,-0.255189792928306,0.479,0.578,1,"Daughters_LRCEI"
"117","AT-aux-cistrans-IR8-ARF2-up",0.130378840513811,0.156162687417575,1,1,1,"Daughters_LRCEI"
"118","AT-aux-cis-IR8-ARF2",0.138628389095801,-0.0364571670241323,1,1,1,"Daughters_LRCEI"
"119","AT-aux-cistrans-DR5-ARF1-up",0.158654214776823,0.152288069084059,1,1,1,"Daughters_LRCEI"
"120","AT-aux-trans-ARF",0.194717466960478,-0.176886747054872,0.953,0.974,1,"Daughters_LRCEI"
"121","random1",0.21281112424358,-0.0509849582178956,1,1,1,"Daughters_LRCEI"
"122","AT-aux-cistrans-IR8-ARF6-up",0.215245403529638,0.0910624191333924,1,1,1,"Daughters_LRCEI"
"123","AT-aux-cistrans-IR8-ARF8-up",0.215245403529638,0.0910624191333924,1,1,1,"Daughters_LRCEI"
"124","random3",0.279780417060388,-0.0323902047575965,1,1,1,"Daughters_LRCEI"
"125","AT-aux-cis-DR5-TGTCGG",0.289883313624939,-0.0980784023867385,0.969,0.974,1,"Daughters_LRCEI"
"126","AT-aux-cistrans-IR8-ARF3-up",0.325718562396569,-0.0510419028614787,0.849,0.914,1,"Daughters_LRCEI"
"127","AT-aux-trans-A-ARF",0.399380135892032,-0.970513855305068,0.854,0.897,1,"Daughters_LRCEI"
"128","AT-aux-trans-Receptors",0.444673062784286,-0.259205517625466,0.875,0.931,1,"Daughters_LRCEI"
"129","AT-aux-cistrans-DR5-ARF5-1-up",0.565244653321293,0.0270510506776884,1,1,1,"Daughters_LRCEI"
"130","AT-aux-cistrans-DR5-ARF6-up",0.579619024765011,0.042799350416987,1,1,1,"Daughters_LRCEI"
"131","AT-aux-cistrans-DR5-ARF8-up",0.579619024765011,0.042799350416987,1,1,1,"Daughters_LRCEI"
"132","AT-aux-cistrans-IR8-ARF2-down",0.648175744592947,0.0684759252416086,0.943,0.914,1,"Daughters_LRCEI"
"133","AT-aux-cistrans-DR5-TGTCNN-up",0.943679760742614,-0.0241926536514419,1,1,1,"Daughters_LRCEI"
"134","AT-aux-cistrans-DR5-ARF2-up",0.989991152994379,0.0207685229945453,1,1,1,"Daughters_LRCEI"
"135","AT-aux-trans-IAA",2.46547811961445e-12,-2.02890932626751,1,1,1.65187034014168e-10,"Initials"
"136","AT-aux-cis-DR5-TGTCNN",4.71185921958873e-11,-0.463153022210654,1,1,3.15694567712445e-09,"Initials"
"137","AT-aux-cis-IR8-ARF1",3.47725485709797e-10,-0.578596217997478,1,1,2.32976075425564e-08,"Initials"
"138","AT-aux-cis-DR5-ARF6",6.22297128407278e-10,-0.362692886875379,1,1,4.16939076032876e-08,"Initials"
"139","AT-aux-cis-DR5-ARF8",6.22297128407278e-10,-0.362692886875379,1,1,4.16939076032876e-08,"Initials"
"140","AT-aux-cis-DR5-ARF5syn",6.72098133154832e-10,-0.33720231354085,1,1,4.50305749213737e-08,"Initials"
"141","AT-aux-cis-DR5-ARF2",3.65718573262772e-09,-0.354725853559245,1,1,2.45031444086057e-07,"Initials"
"142","AT-aux-cis-DR5-ARF5-1",6.32907167269593e-09,-0.344125651922211,1,1,4.24047802070627e-07,"Initials"
"143","AT-aux-cistrans-DR5-ARF6-down",1.16691345423002e-08,-0.714474288934802,1,1,7.81832014334115e-07,"Initials"
"144","AT-aux-cistrans-DR5-ARF8-down",1.16691345423002e-08,-0.714474288934802,1,1,7.81832014334115e-07,"Initials"
"145","AT-aux-cis-DR5-ARF5-2",1.39420213128731e-08,-0.353797764016433,1,1,9.34115427962495e-07,"Initials"
"146","majortrend",1.39420213128731e-08,-0.280484863516512,1,1,9.34115427962495e-07,"Initials"
"147","AT-aux-cistrans-DR5-TGTCNN-down",1.78595945381722e-08,-0.840890069612455,0.988,1,1.19659283405754e-06,"Initials"
"148","AT-aux-cistrans-DR5-ARF2-down",7.60479773597741e-08,-0.753134646225992,1,1,5.09521448310486e-06,"Initials"
"149","AT-aux-cistrans-DR5-ARF5syn-down",7.60479773597741e-08,-0.448417177489781,1,1,5.09521448310486e-06,"Initials"
"150","AT-aux-cis-IR8-ARF5-1",1.06376976332783e-07,-0.284756123690432,1,1,7.12725741429643e-06,"Initials"
"151","random3",1.29884140940173e-07,-0.306833107977488,1,1,8.70223744299158e-06,"Initials"
"152","AT-aux-cistrans-DR5-ARF5-1-down",1.38782406862124e-07,-0.586884278177633,1,1,9.29842125976228e-06,"Initials"
"153","AT-aux-cis-IR8-ARF5syn",3.4569802973549e-07,-0.270735284638272,1,1,2.31617679922778e-05,"Initials"
"154","AT-aux-trans-Synthesis",7.16418750292986e-07,-1.21090731645679,0.988,1,4.80000562696301e-05,"Initials"
"155","AT-aux-cis-DR5-ARF3",1.21284250736243e-06,-0.367452742286758,1,1,8.12604479932825e-05,"Initials"
"156","AT-aux-cis-IR8-TGTCNN",1.64514789125511e-06,-0.358083967174506,1,1,0.000110224908714092,"Initials"
"157","AT-aux-cis-IR8-ARF2",4.92758286985166e-06,-0.270586286074547,1,1,0.000330148052280061,"Initials"
"158","AT-aux-cis-DR5-ARF1",8.25590719599523e-06,-0.26563696962537,1,1,0.00055314578213168,"Initials"
"159","AT-aux-trans-PolarAuxinTransport",3.1741125723727e-05,-1.42254861466284,0.988,1,0.00212665542348971,"Initials"
"160","AT-aux-cis-IR8-ARF5-2",4.96497258249303e-05,-0.273151780521009,1,1,0.00332653163027033,"Initials"
"161","AT-aux-cistrans-IR8-ARF5syn-down",5.09574926813269e-05,-0.386214395151015,1,1,0.0034141520096489,"Initials"
"162","AT-aux-cistrans-IR8-ARF3-down",7.253155686817e-05,-0.999710748538415,0.725,1,0.00485961431016739,"Initials"
"163","AT-aux-cistrans-DR5-ARF6-up",8.29532985962456e-05,-0.365649468432926,1,1,0.00555787100594845,"Initials"
"164","AT-aux-cistrans-DR5-ARF8-up",8.29532985962456e-05,-0.365649468432926,1,1,0.00555787100594845,"Initials"
"165","AT-aux-cistrans-IR8-ARF5-2-up",0.000158303945809143,0.972607633559368,1,1,0.0106063643692126,"Initials"
"166","AT-aux-cis-IR8-ARF3",0.000447732475911668,-0.264250129829142,1,1,0.0299980758860817,"Initials"
"167","AT-aux-cistrans-DR5-TGTCNN-up",0.000501730900991959,-0.47951760643886,1,1,0.0336159703664612,"Initials"
"168","random2",0.000549237779199748,-0.25414744331779,1,1,0.0367989312063831,"Initials"
"169","AT-aux-cistrans-IR8-ARF5-1-up",0.000574532340707424,0.397283597194458,1,1,0.0384936668273974,"Initials"
"170","AT-aux-trans-Transport",0.00101864873992756,-0.606882778036775,1,1,0.0682494655751462,"Initials"
"171","random1",0.00152524492434218,-0.265862486644108,1,1,0.102191409930926,"Initials"
"172","AT-aux-cis-IR8-ARF6",0.00203729706038523,-0.197313050100704,1,1,0.13649890304581,"Initials"
"173","AT-aux-cis-IR8-ARF8",0.00203729706038523,-0.197313050100704,1,1,0.13649890304581,"Initials"
"174","AT-aux-cistrans-DR5-ARF1-up",0.00356203934565917,0.601225107367068,1,1,0.238656636159164,"Initials"
"175","AT-aux-cistrans-IR8-ARF1-down",0.00423699576996976,-0.462050848115682,0.938,1,0.283878716587974,"Initials"
"176","AT-aux-cistrans-DR5-ARF3-down",0.00493545074327304,-0.364857005164879,0.988,1,0.330675199799294,"Initials"
"177","AT-aux-cistrans-DR5-ARF2-up",0.00595164161425086,-0.275280560768092,1,1,0.398759988154808,"Initials"
"178","AT-aux-cistrans-IR8-ARF1-up",0.00643238846873603,-0.90846827848358,0.388,0.657,0.430970027405314,"Initials"
"179","AT-aux-cistrans-DR5-ARF5-2-up",0.00811847211239694,0.268048982663019,1,1,0.543937631530595,"Initials"
"180","AT-aux-cistrans-DR5-ARF5syn-up",0.00987313257713566,-0.160299520645965,1,1,0.661499882668089,"Initials"
"181","AT-aux-cistrans-IR8-ARF6-up",0.0134799245972903,-0.284278540524331,1,1,0.903154948018452,"Initials"
"182","AT-aux-cistrans-IR8-ARF8-up",0.0134799245972903,-0.284278540524331,1,1,0.903154948018452,"Initials"
"183","AT-aux-cistrans-DR5-ARF3-up",0.0197517443984177,0.378762884180165,1,1,1,"Initials"
"184","AT-aux-cistrans-IR8-ARF5-1-down",0.0271423490340989,-0.231757160975763,1,1,1,"Initials"
"185","AT-aux-cis-DR5-TGTCGG",0.0275644796002741,-0.399704599383572,0.95,1,1,"Initials"
"186","AT-aux-cistrans-DR5-ARF5-2-down",0.0426363131204851,-0.286380353613972,0.925,1,1,"Initials"
"187","AT-aux-trans-A-ARF",0.0513872299469234,-0.406035091080169,0.925,1,1,"Initials"
"188","AT-aux-cistrans-IR8-ARF2-down",0.0598565793216309,-0.25636178646461,0.875,1,1,"Initials"
"189","AT-aux-cistrans-IR8-TGTCNN-down",0.068506201236461,-0.40559149998798,0.75,0.914,1,"Initials"
"190","AT-aux-cistrans-DR5-ARF1-down",0.0842829705137947,-0.244449147858655,0.938,0.971,1,"Initials"
"191","AT-aux-trans-ConjugationDeconjugation",0.13885518287684,0.306202857830588,1,1,1,"Initials"
"192","AT-aux-cistrans-IR8-ARF3-up",0.162924868606061,0.565340662939535,0.912,0.943,1,"Initials"
"193","AT-aux-cistrans-IR8-ARF5syn-up",0.190238091178243,-0.0730634334643958,1,1,1,"Initials"
"194","AT-aux-cistrans-IR8-TGTCNN-up",0.207215691666727,-0.124982183379248,0.963,1,1,"Initials"
"195","AT-aux-cistrans-IR8-ARF6-down",0.246897732313188,-0.109022355214799,0.988,1,1,"Initials"
"196","AT-aux-cistrans-IR8-ARF8-down",0.246897732313188,-0.109022355214799,0.988,1,1,"Initials"
"197","AT-aux-cistrans-IR8-ARF5-2-down",0.247945331764699,-0.195046830805845,0.762,0.943,1,"Initials"
"198","AT-aux-trans-ARF",0.646297247064099,0.0463013969364314,0.988,1,1,"Initials"
"199","AT-aux-cistrans-IR8-ARF2-up",0.668272120719031,-0.0500494190956533,1,1,1,"Initials"
"200","AT-aux-cistrans-DR5-ARF5-1-up",0.699517051889411,-0.0123419947963332,1,1,1,"Initials"
"201","AT-aux-trans-Receptors",0.838644763456265,0.234742514509328,0.95,1,1,"Initials"
"202","AT-aux-cistrans-DR5-ARF5syn-down",5.56676591907698e-08,-0.720948378251665,1,1,3.72973316578158e-06,"TransitInitials"
"203","random2",1.77637230134969e-07,-0.625267935366786,1,1,1.19016944190429e-05,"TransitInitials"
"204","AT-aux-cistrans-DR5-ARF6-down",6.83144923330894e-07,-0.811499758445054,1,1,4.57707098631699e-05,"TransitInitials"
"205","AT-aux-cistrans-DR5-ARF8-down",6.83144923330894e-07,-0.811499758445054,1,1,4.57707098631699e-05,"TransitInitials"
"206","AT-aux-trans-Synthesis",7.2319964723386e-07,-1.97450438254031,0.966,1,4.84543763646686e-05,"TransitInitials"
"207","AT-aux-cistrans-DR5-ARF5-1-down",7.65749219350345e-07,-0.841882215495686,1,1,5.13051976964731e-05,"TransitInitials"
"208","AT-aux-cistrans-IR8-ARF5syn-down",3.06426249991212e-06,-0.746258432195038,1,1,0.000205305587494112,"TransitInitials"
"209","AT-aux-trans-PolarAuxinTransport",3.5912410207163e-06,-1.55540989320785,0.914,1,0.000240613148387992,"TransitInitials"
"210","AT-aux-cistrans-DR5-TGTCNN-down",4.22733997960515e-06,-0.946316738211889,1,1,0.000283231778633545,"TransitInitials"
"211","AT-aux-cis-IR8-ARF1",6.79523689250879e-06,-0.523597308375791,1,1,0.000455280871798089,"TransitInitials"
"212","AT-aux-cis-DR5-ARF5-1",1.32619951518272e-05,-0.365918594704041,1,1,0.000888553675172423,"TransitInitials"
"213","AT-aux-cistrans-DR5-ARF2-down",1.62262814459717e-05,-1.07357096474659,1,1,0.00108716085688011,"TransitInitials"
"214","AT-aux-cistrans-IR8-ARF3-down",2.63357263884732e-05,-2.61482658804351,0.69,1,0.0017644936680277,"TransitInitials"
"215","AT-aux-cis-DR5-TGTCNN",3.56831729268664e-05,-0.390816790664947,1,1,0.00239077258610005,"TransitInitials"
"216","AT-aux-cis-DR5-ARF5syn",3.92937251113086e-05,-0.295335266848932,1,1,0.00263267958245768,"TransitInitials"
"217","AT-aux-cistrans-IR8-ARF1-up",5.10988766610727e-05,-2.07841371038832,0.259,0.714,0.00342362473629187,"TransitInitials"
"218","AT-aux-cis-DR5-ARF5-2",7.26831425437028e-05,-0.330588182330809,1,1,0.00486977055042809,"TransitInitials"
"219","AT-aux-cis-DR5-ARF6",8.35315944259428e-05,-0.304162411868256,1,1,0.00559661682653817,"TransitInitials"
"220","AT-aux-cis-DR5-ARF8",8.35315944259428e-05,-0.304162411868256,1,1,0.00559661682653817,"TransitInitials"
"221","AT-aux-cis-IR8-ARF5-2",0.000164841841191936,-0.331123037450646,1,1,0.0110444033598597,"TransitInitials"
"222","AT-aux-cis-DR5-ARF2",0.000172322551311107,-0.331728754968715,1,1,0.0115456109378442,"TransitInitials"
"223","AT-aux-trans-Transport",0.000180121699237376,-0.724936148455104,1,1,0.0120681538489042,"TransitInitials"
"224","AT-aux-cis-IR8-ARF5-1",0.000205557570817882,-0.29754715253542,1,1,0.0137723572447981,"TransitInitials"
"225","majortrend",0.000266870178784679,-0.224216533203421,1,1,0.0178803019785735,"TransitInitials"
"226","AT-aux-cis-DR5-ARF1",0.000330658857361583,-0.269658697171305,1,1,0.022154143443226,"TransitInitials"
"227","AT-aux-cistrans-IR8-ARF5syn-up",0.00108237712741519,0.371577595314047,1,1,0.0725192675368178,"TransitInitials"
"228","AT-aux-cis-IR8-ARF5syn",0.00136664070997039,-0.191150510902488,1,1,0.0915649275680159,"TransitInitials"
"229","AT-aux-trans-IAA",0.00231721614436302,-0.777668986068139,1,1,0.155253481672322,"TransitInitials"
"230","AT-aux-cis-DR5-ARF3",0.00249417943958183,-0.280007595834803,1,1,0.167110022451983,"TransitInitials"
"231","AT-aux-cistrans-IR8-TGTCNN-down",0.00293588619194141,-1.37204405704795,0.69,0.857,0.196704374860074,"TransitInitials"
"232","AT-aux-cistrans-IR8-ARF1-down",0.00304021553891466,-0.700565546081134,0.914,0.952,0.203694441107282,"TransitInitials"
"233","AT-aux-cistrans-DR5-ARF3-down",0.00333260429871768,-0.479924583341557,1,1,0.223284488014085,"TransitInitials"
"234","AT-aux-cis-IR8-ARF6",0.008963524798804,-0.18129638702782,1,1,0.600556161519868,"TransitInitials"
"235","AT-aux-cis-IR8-ARF8",0.008963524798804,-0.18129638702782,1,1,0.600556161519868,"TransitInitials"
"236","AT-aux-cistrans-IR8-ARF5-2-down",0.0119036303547092,-0.928638148238745,0.741,0.905,0.797543233765515,"TransitInitials"
"237","AT-aux-cistrans-IR8-ARF6-down",0.0119517611336847,-0.457194124743547,1,1,0.800767995956875,"TransitInitials"
"238","AT-aux-cistrans-IR8-ARF8-down",0.0119517611336847,-0.457194124743547,1,1,0.800767995956875,"TransitInitials"
"239","AT-aux-cistrans-DR5-ARF5-2-down",0.0131226194305734,-0.483364157858362,0.931,1,0.87921550184842,"TransitInitials"
"240","AT-aux-trans-ConjugationDeconjugation",0.0162793737004922,-0.677061234446252,0.983,1,1,"TransitInitials"
"241","AT-aux-cis-IR8-TGTCNN",0.0194908919275762,-0.23676398085334,1,1,1,"TransitInitials"
"242","AT-aux-cistrans-IR8-ARF5-1-down",0.0194908919275762,-0.661495612550565,1,1,1,"TransitInitials"
"243","AT-aux-cis-IR8-ARF2",0.0206780439782174,-0.226119984816053,1,1,1,"TransitInitials"
"244","AT-aux-cistrans-IR8-ARF5-1-up",0.0225768889218607,0.342703066652446,1,1,1,"TransitInitials"
"245","AT-aux-cistrans-DR5-ARF5-2-up",0.0317653815488617,0.484937383917987,1,1,1,"TransitInitials"
"246","random1",0.0476036894283943,-0.202187001687548,1,1,1,"TransitInitials"
"247","random3",0.0501485795585919,-0.171342809990473,1,1,1,"TransitInitials"
"248","AT-aux-cistrans-DR5-ARF3-up",0.121600639932394,0.326701679980735,1,1,1,"TransitInitials"
"249","AT-aux-cistrans-DR5-ARF1-up",0.147557438311599,-0.213743291295943,1,1,1,"TransitInitials"
"250","AT-aux-trans-Receptors",0.21948079481129,-0.0449096336801158,0.862,0.857,1,"TransitInitials"
"251","AT-aux-cistrans-IR8-ARF2-up",0.255335402992938,-0.128521397565506,1,1,1,"TransitInitials"
"252","AT-aux-cistrans-DR5-TGTCNN-up",0.29431340619036,0.121705976768083,1,1,1,"TransitInitials"
"253","AT-aux-trans-ARF",0.2994493340454,0.0874162006353099,0.966,1,1,"TransitInitials"
"254","AT-aux-cistrans-DR5-ARF1-down",0.315214339518988,-0.242988957497426,0.966,0.952,1,"TransitInitials"
"255","AT-aux-cistrans-IR8-ARF5-2-up",0.359909750422554,0.364719760916615,1,1,1,"TransitInitials"
"256","AT-aux-trans-A-ARF",0.395850185309364,-0.426978620952526,0.931,0.952,1,"TransitInitials"
"257","AT-aux-cistrans-DR5-ARF5syn-up",0.408374399411815,0.0419547371891971,1,1,1,"TransitInitials"
"258","AT-aux-cistrans-IR8-ARF2-down",0.424045213983957,-0.232847202066868,0.879,0.952,1,"TransitInitials"
"259","AT-aux-cistrans-IR8-TGTCNN-up",0.447139999774696,0.0913397996716312,0.948,1,1,"TransitInitials"
"260","AT-aux-cis-IR8-ARF3",0.487940188508337,-0.138694373309324,1,1,1,"TransitInitials"
"261","AT-aux-cistrans-DR5-ARF2-up",0.487940188508337,0.043731590802081,1,1,1,"TransitInitials"
"262","AT-aux-cistrans-IR8-ARF3-up",0.501878558136139,0.291411071185155,0.931,0.905,1,"TransitInitials"
"263","AT-aux-cistrans-IR8-ARF6-up",0.590421844395786,0.118250641518506,1,1,1,"TransitInitials"
"264","AT-aux-cistrans-IR8-ARF8-up",0.590421844395786,0.118250641518506,1,1,1,"TransitInitials"
"265","AT-aux-cistrans-DR5-ARF6-up",0.677297892768046,-0.0918491380734827,1,1,1,"TransitInitials"
"266","AT-aux-cistrans-DR5-ARF8-up",0.677297892768046,-0.0918491380734827,1,1,1,"TransitInitials"
"267","AT-aux-cis-DR5-TGTCGG",0.811408761805624,-0.0239979936923927,0.931,1,1,"TransitInitials"
"268","AT-aux-cistrans-DR5-ARF5-1-up",0.960171488098849,0.00859571921200275,1,1,1,"TransitInitials"
