"tissue","subtype","sensor","value","cells","species","tissue_total","panel_max","relative_value"
"Atrichoblast","m1","ARF",0.864183387590612,343,"Arabidopsis
(Shahan)",3.71285665344539,5.94109953522728,0.145458493409596
"Atrichoblast","m2","ARF",0.738182247447476,352,"Arabidopsis
(Shahan)",3.71285665344539,5.94109953522728,0.124250106073881
"Atrichoblast","t","ARF",0.775675053871394,500,"Arabidopsis
(Shahan)",3.71285665344539,5.94109953522728,0.130560858183252
"Atrichoblast","e1","ARF",0.666500131978337,500,"Arabidopsis
(Shahan)",3.71285665344539,5.94109953522728,0.112184643267863
"Atrichoblast","e2","ARF",0.299690170818381,500,"Arabidopsis
(Shahan)",3.71285665344539,5.94109953522728,0.0504435532583475
"Atrichoblast","d","ARF",0.368625661739186,500,"Arabidopsis
(Shahan)",3.71285665344539,5.94109953522728,0.0620467069358878
"Trichoblast","m1","ARF",0.693130525837006,91,"Arabidopsis
(Shahan)",3.08005945689111,5.94109953522728,0.116667044833561
"Trichoblast","m2","ARF",0.555092929673072,397,"Arabidopsis
(Shahan)",3.08005945689111,5.94109953522728,0.0934326931204725
"Trichoblast","t","ARF",0.418776737173384,500,"Arabidopsis
(Shahan)",3.08005945689111,5.94109953522728,0.0704880863702554
"Trichoblast","e1","ARF",0.440844273421276,500,"Arabidopsis
(Shahan)",3.08005945689111,5.94109953522728,0.0742024722540541
"Trichoblast","e2","ARF",0.539916833752341,500,"Arabidopsis
(Shahan)",3.08005945689111,5.94109953522728,0.0908782676592013
"Trichoblast","d","ARF",0.432298157034036,500,"Arabidopsis
(Shahan)",3.08005945689111,5.94109953522728,0.0727639983930178
"Cortex","m1","ARF",0.857479533256063,19,"Arabidopsis
(Shahan)",2.54169800259842,5.94109953522728,0.144330107275885
"Cortex","m2","ARF",0.563836949920196,40,"Arabidopsis
(Shahan)",2.54169800259842,5.94109953522728,0.0949044779635436
"Cortex","t","ARF",0.341800701153413,500,"Arabidopsis
(Shahan)",2.54169800259842,5.94109953522728,0.0575315560910457
"Cortex","e1","ARF",0.284405464488725,500,"Arabidopsis
(Shahan)",2.54169800259842,5.94109953522728,0.0478708466004257
"Cortex","e2","ARF",0.222630556684923,500,"Arabidopsis
(Shahan)",2.54169800259842,5.94109953522728,0.0374729551937067
"Cortex","d","ARF",0.271544797095098,500,"Arabidopsis
(Shahan)",2.54169800259842,5.94109953522728,0.0457061517796486
"Endodermis","m1","ARF",0.4923980588881,31,"Arabidopsis
(Shahan)",2.38584154945168,5.94109953522728,0.0828799544543
"Endodermis","m2","ARF",0.433497899293515,106,"Arabidopsis
(Shahan)",2.38584154945168,5.94109953522728,0.0729659378239876
"Endodermis","t","ARF",0.278715579044177,500,"Arabidopsis
(Shahan)",2.38584154945168,5.94109953522728,0.0469131307078017
"Endodermis","e1","ARF",0.273216062200157,500,"Arabidopsis
(Shahan)",2.38584154945168,5.94109953522728,0.0459874574698075
"Endodermis","e2","ARF",0.597945733403781,461,"Arabidopsis
(Shahan)",2.38584154945168,5.94109953522728,0.10064563467727
"Endodermis","d","ARF",0.310068216621953,500,"Arabidopsis
(Shahan)",2.38584154945168,5.94109953522728,0.0521903756675727
"PPP","m1","ARF",0.618527304099884,44,"Arabidopsis
(Shahan)",2.11061235878811,5.94109953522728,0.104109904308517
"PPP","m2","ARF",0.506015560363206,171,"Arabidopsis
(Shahan)",2.11061235878811,5.94109953522728,0.0851720388394147
"PPP","t","ARF",0.344083087481082,414,"Arabidopsis
(Shahan)",2.11061235878811,5.94109953522728,0.0579157251011986
"PPP","e1","ARF",0.156732354214352,500,"Arabidopsis
(Shahan)",2.11061235878811,5.94109953522728,0.0263810349052427
"PPP","e2","ARF",0.141511198765199,196,"Arabidopsis
(Shahan)",2.11061235878811,5.94109953522728,0.0238190250686964
"PPP","d","ARF",0.343742853864392,500,"Arabidopsis
(Shahan)",2.11061235878811,5.94109953522728,0.0578584573152152
"XPP","m1","ARF",0.77351244291326,75,"Arabidopsis
(Shahan)",2.25939225246607,5.94109953522728,0.130196849644881
"XPP","m2","ARF",0.371109571891192,314,"Arabidopsis
(Shahan)",2.25939225246607,5.94109953522728,0.0624647962369132
"XPP","t","ARF",0.175246321969408,500,"Arabidopsis
(Shahan)",2.25939225246607,5.94109953522728,0.0294972876536235
"XPP","e1","ARF",0.162978872780393,500,"Arabidopsis
(Shahan)",2.25939225246607,5.94109953522728,0.0274324427345516
"XPP","e2","ARF",0.19265124505852,500,"Arabidopsis
(Shahan)",2.25939225246607,5.94109953522728,0.0324268671003086
"XPP","d","ARF",0.583893797853299,500,"Arabidopsis
(Shahan)",2.25939225246607,5.94109953522728,0.0982804267780984
"PSE","m1","ARF",0.400221974225251,23,"Arabidopsis
(Shahan)",1.41447991037557,5.94109953522728,0.0673649670153087
"PSE","m2","ARF",0.133162862027126,38,"Arabidopsis
(Shahan)",1.41447991037557,5.94109953522728,0.0224138412826695
"PSE","t","ARF",0.112301054556005,169,"Arabidopsis
(Shahan)",1.41447991037557,5.94109953522728,0.0189024024745125
"PSE","e1","ARF",0.37492838399189,14,"Arabidopsis
(Shahan)",1.41447991037557,5.94109953522728,0.063107574914169
"PSE","e2","ARF",0.393865635575298,52,"Arabidopsis
(Shahan)",1.41447991037557,5.94109953522728,0.0662950743780513
"PCC","m1","ARF",0.510454773208628,97,"Arabidopsis
(Shahan)",1.80326562688285,5.94109953522728,0.0859192427566526
"PCC","m2","ARF",0.310048224204785,90,"Arabidopsis
(Shahan)",1.80326562688285,5.94109953522728,0.0521870105636809
"PCC","t","ARF",0.142823891550893,250,"Arabidopsis
(Shahan)",1.80326562688285,5.94109953522728,0.0240399762205683
"PCC","e1","ARF",0.112653068859087,500,"Arabidopsis
(Shahan)",1.80326562688285,5.94109953522728,0.0189616531739824
"PCC","e2","ARF",0.181316157794761,500,"Arabidopsis
(Shahan)",1.80326562688285,5.94109953522728,0.0305189564187001
"PCC","d","ARF",0.545969511264692,384,"Arabidopsis
(Shahan)",1.80326562688285,5.94109953522728,0.0918970483539973
"Protoxylem","m1","ARF",0.10994256786567,11,"Arabidopsis
(Shahan)",1.24592098577883,5.94109953522728,0.0185054243265534
"Protoxylem","m2","ARF",0.185069614602768,71,"Arabidopsis
(Shahan)",1.24592098577883,5.94109953522728,0.0311507345577047
"Protoxylem","t","ARF",0.266799780561965,410,"Arabidopsis
(Shahan)",1.24592098577883,5.94109953522728,0.0449074752880333
"Protoxylem","e1","ARF",0.245915733601325,289,"Arabidopsis
(Shahan)",1.24592098577883,5.94109953522728,0.0413922931509878
"Protoxylem","e2","ARF",0.21079820464467,254,"Arabidopsis
(Shahan)",1.24592098577883,5.94109953522728,0.035481345396548
"Protoxylem","d","ARF",0.227395084502429,500,"Arabidopsis
(Shahan)",1.24592098577883,5.94109953522728,0.0382749158054175
"Metaxylem","m1","ARF",0.841462871574099,10,"Arabidopsis
(Shahan)",3.31579678367248,5.94109953522728,0.141634198616723
"Metaxylem","m2","ARF",0.646190061474029,45,"Arabidopsis
(Shahan)",3.31579678367248,5.94109953522728,0.108766072280475
"Metaxylem","t","ARF",0.396528066702903,346,"Arabidopsis
(Shahan)",3.31579678367248,5.94109953522728,0.0667432121531917
"Metaxylem","e1","ARF",0.360879360678543,96,"Arabidopsis
(Shahan)",3.31579678367248,5.94109953522728,0.0607428571998732
"Metaxylem","e2","ARF",0.325455519093264,53,"Arabidopsis
(Shahan)",3.31579678367248,5.94109953522728,0.0547803512066245
"Metaxylem","d","ARF",0.745280904149636,348,"Arabidopsis
(Shahan)",3.31579678367248,5.94109953522728,0.125444944951781
"Procambium","m1","ARF",0.655526147796545,30,"Arabidopsis
(Shahan)",2.32487092165443,5.94109953522728,0.1103375131
"Procambium","m2","ARF",0.498047562288337,52,"Arabidopsis
(Shahan)",2.32487092165443,5.94109953522728,0.08383087328115
"Procambium","t","ARF",0.263114452565373,500,"Arabidopsis
(Shahan)",2.32487092165443,5.94109953522728,0.0442871645232094
"Procambium","e1","ARF",0.141413357406156,500,"Arabidopsis
(Shahan)",2.32487092165443,5.94109953522728,0.0238025565078749
"Procambium","e2","ARF",0.150078543890699,500,"Arabidopsis
(Shahan)",2.32487092165443,5.94109953522728,0.0252610721299685
"Procambium","d","ARF",0.616690857707317,500,"Arabidopsis
(Shahan)",2.32487092165443,5.94109953522728,0.103800795467354
"Root cap","LRC","ARF",0.546766701686786,500,"Arabidopsis
(Shahan)",5.94109953522728,5.94109953522728,0.0920312306576883
"Root cap","Young LRC","ARF",0.845115825628368,226,"Arabidopsis
(Shahan)",5.94109953522728,5.94109953522728,0.142249060231582
"Root cap","Dying LRC","ARF",0.180431658519608,500,"Arabidopsis
(Shahan)",5.94109953522728,5.94109953522728,0.0303700783751817
"Root cap","Columella","ARF",1.12005977393133,61,"Arabidopsis
(Shahan)",5.94109953522728,5.94109953522728,0.188527353781909
"Root cap","CSCD","ARF",1.10308554732785,26,"Arabidopsis
(Shahan)",5.94109953522728,5.94109953522728,0.18567026874187
"Root cap","C1","ARF",1.19060253564657,13,"Arabidopsis
(Shahan)",5.94109953522728,5.94109953522728,0.200401041690513
"Root cap","Stressed RCC","ARF",0.955037492486773,68,"Arabidopsis
(Shahan)",5.94109953522728,5.94109953522728,0.160750966521257
"Lateral root primordium","LRP","ARF",0.556207799985433,500,"Arabidopsis
(Shahan)",0.556207799985433,5.94109953522728,0.0936203469892136
"Stem cell niche","Stem cell niche","ARF",0.916392692939223,83,"Arabidopsis
(Shahan)",0.916392692939223,5.94109953522728,0.154246312068254
"Atrichoblast","m1","Synthesis",0.345553687777415,343,"Arabidopsis
(Shahan)",2.58675055937099,5.95278033273883,0.0580491246883333
"Atrichoblast","m2","Synthesis",0.41653168557425,352,"Arabidopsis
(Shahan)",2.58675055937099,5.95278033273883,0.0699726282999941
"Atrichoblast","t","Synthesis",0.574008162011193,500,"Arabidopsis
(Shahan)",2.58675055937099,5.95278033273883,0.096426901368137
"Atrichoblast","e1","Synthesis",0.634161089694971,500,"Arabidopsis
(Shahan)",2.58675055937099,5.95278033273883,0.106531915214012
"Atrichoblast","e2","Synthesis",0.465936039705491,500,"Arabidopsis
(Shahan)",2.58675055937099,5.95278033273883,0.0782720029400306
"Atrichoblast","d","Synthesis",0.150559894607672,500,"Arabidopsis
(Shahan)",2.58675055937099,5.95278033273883,0.0252923652800741
"Trichoblast","m1","Synthesis",0.397812683367561,91,"Arabidopsis
(Shahan)",1.71287882320737,5.95278033273883,0.0668280469177887
"Trichoblast","m2","Synthesis",0.356757310177976,397,"Arabidopsis
(Shahan)",1.71287882320737,5.95278033273883,0.0599312069716226
"Trichoblast","t","Synthesis",0.306169413876876,500,"Arabidopsis
(Shahan)",1.71287882320737,5.95278033273883,0.0514330105871737
"Trichoblast","e1","Synthesis",0.324670855766404,500,"Arabidopsis
(Shahan)",1.71287882320737,5.95278033273883,0.0545410442882956
"Trichoblast","e2","Synthesis",0.110188635721275,500,"Arabidopsis
(Shahan)",1.71287882320737,5.95278033273883,0.0185104488259485
"Trichoblast","d","Synthesis",0.21727992429728,500,"Arabidopsis
(Shahan)",1.71287882320737,5.95278033273883,0.0365005782427908
"Cortex","m1","Synthesis",0.246407016482181,19,"Arabidopsis
(Shahan)",0.807541458048381,5.95278033273883,0.0413936014280592
"Cortex","m2","Synthesis",0.060110567825099,40,"Arabidopsis
(Shahan)",0.807541458048381,5.95278033273883,0.0100978978670699
"Cortex","t","Synthesis",0.0751411936899241,500,"Arabidopsis
(Shahan)",0.807541458048381,5.95278033273883,0.0126228735968411
"Cortex","e1","Synthesis",0.145717023024807,500,"Arabidopsis
(Shahan)",0.807541458048381,5.95278033273883,0.0244788174398775
"Cortex","e2","Synthesis",0.118903937124769,500,"Arabidopsis
(Shahan)",0.807541458048381,5.95278033273883,0.0199745212284798
"Cortex","d","Synthesis",0.161261719901601,500,"Arabidopsis
(Shahan)",0.807541458048381,5.95278033273883,0.0270901513053826
"Endodermis","m1","Synthesis",0.278426463118005,31,"Arabidopsis
(Shahan)",0.839875054026585,5.95278033273883,0.046772507560329
"Endodermis","m2","Synthesis",0.156466149642735,106,"Arabidopsis
(Shahan)",0.839875054026585,5.95278033273883,0.0262845495544677
"Endodermis","t","Synthesis",0.0844353443723394,500,"Arabidopsis
(Shahan)",0.839875054026585,5.95278033273883,0.0141841861538155
"Endodermis","e1","Synthesis",0.092194616710885,500,"Arabidopsis
(Shahan)",0.839875054026585,5.95278033273883,0.0154876564491784
"Endodermis","e2","Synthesis",0.12144859297156,461,"Arabidopsis
(Shahan)",0.839875054026585,5.95278033273883,0.0204019947290215
"Endodermis","d","Synthesis",0.106903887211061,500,"Arabidopsis
(Shahan)",0.839875054026585,5.95278033273883,0.017958648099799
"PPP","m1","Synthesis",0.66096026314657,44,"Arabidopsis
(Shahan)",2.37966991495965,5.95278033273883,0.111033874290884
"PPP","m2","Synthesis",0.420341365262859,171,"Arabidopsis
(Shahan)",2.37966991495965,5.95278033273883,0.0706126115474284
"PPP","t","Synthesis",0.406748520000137,414,"Arabidopsis
(Shahan)",2.37966991495965,5.95278033273883,0.068329166753075
"PPP","e1","Synthesis",0.231483823152086,500,"Arabidopsis
(Shahan)",2.37966991495965,5.95278033273883,0.0388866731532124
"PPP","e2","Synthesis",0.207996482806714,196,"Arabidopsis
(Shahan)",2.37966991495965,5.95278033273883,0.03494106470934
"PPP","d","Synthesis",0.452139460591289,500,"Arabidopsis
(Shahan)",2.37966991495965,5.95278033273883,0.0759543331549852
"XPP","m1","Synthesis",0.321302985632417,75,"Arabidopsis
(Shahan)",1.66291932523023,5.95278033273883,0.0539752800662456
"XPP","m2","Synthesis",0.311320142253633,314,"Arabidopsis
(Shahan)",1.66291932523023,5.95278033273883,0.0522982748987811
"XPP","t","Synthesis",0.1802605262967,500,"Arabidopsis
(Shahan)",1.66291932523023,5.95278033273883,0.0302817366374686
"XPP","e1","Synthesis",0.149272024612364,500,"Arabidopsis
(Shahan)",1.66291932523023,5.95278033273883,0.0250760176369023
"XPP","e2","Synthesis",0.204417919644159,500,"Arabidopsis
(Shahan)",1.66291932523023,5.95278033273883,0.0343399064332864
"XPP","d","Synthesis",0.496345726790959,500,"Arabidopsis
(Shahan)",1.66291932523023,5.95278033273883,0.0833804876120119
"PSE","m1","Synthesis",0.610919158101228,23,"Arabidopsis
(Shahan)",1.88377889834314,5.95278033273883,0.102627532674324
"PSE","m2","Synthesis",0.169056161747363,38,"Arabidopsis
(Shahan)",1.88377889834314,5.95278033273883,0.0283995296815499
"PSE","t","Synthesis",0.131584452745885,169,"Arabidopsis
(Shahan)",1.88377889834314,5.95278033273883,0.0221047049262347
"PSE","e1","Synthesis",0.472977430935702,14,"Arabidopsis
(Shahan)",1.88377889834314,5.95278033273883,0.0794548773006861
"PSE","e2","Synthesis",0.499241694812964,52,"Arabidopsis
(Shahan)",1.88377889834314,5.95278033273883,0.0838669775982253
"PCC","m1","Synthesis",0.866056680542999,97,"Arabidopsis
(Shahan)",3.33192126277888,5.95278033273883,0.145487760698963
"PCC","m2","Synthesis",0.568828070767865,90,"Arabidopsis
(Shahan)",3.33192126277888,5.95278033273883,0.095556704425905
"PCC","t","Synthesis",0.301900184268011,250,"Arabidopsis
(Shahan)",3.33192126277888,5.95278033273883,0.0507158281328867
"PCC","e1","Synthesis",0.202791823758783,500,"Arabidopsis
(Shahan)",3.33192126277888,5.95278033273883,0.0340667406528472
"PCC","e2","Synthesis",0.407680828211853,500,"Arabidopsis
(Shahan)",3.33192126277888,5.95278033273883,0.0684857840242665
"PCC","d","Synthesis",0.984663675229364,384,"Arabidopsis
(Shahan)",3.33192126277888,5.95278033273883,0.165412398944734
"Protoxylem","m1","Synthesis",0.205660993163938,11,"Arabidopsis
(Shahan)",0.918469716726372,5.95278033273883,0.0345487287734863
"Protoxylem","m2","Synthesis",0.0892313454198621,71,"Arabidopsis
(Shahan)",0.918469716726372,5.95278033273883,0.0149898602723691
"Protoxylem","t","Synthesis",0.201896937998114,410,"Arabidopsis
(Shahan)",0.918469716726372,5.95278033273883,0.0339164099316297
"Protoxylem","e1","Synthesis",0.230877415047574,289,"Arabidopsis
(Shahan)",0.918469716726372,5.95278033273883,0.0387848034266953
"Protoxylem","e2","Synthesis",0.116560448492553,254,"Arabidopsis
(Shahan)",0.918469716726372,5.95278033273883,0.0195808415525597
"Protoxylem","d","Synthesis",0.0742425766043323,500,"Arabidopsis
(Shahan)",0.918469716726372,5.95278033273883,0.0124719160550938
"Metaxylem","m1","Synthesis",0.484317392367291,10,"Arabidopsis
(Shahan)",2.66904392766324,5.95278033273883,0.0813598630044627
"Metaxylem","m2","Synthesis",0.540725963669923,45,"Arabidopsis
(Shahan)",2.66904392766324,5.95278033273883,0.0908358671822749
"Metaxylem","t","Synthesis",0.414072227755677,346,"Arabidopsis
(Shahan)",2.66904392766324,5.95278033273883,0.069559467107896
"Metaxylem","e1","Synthesis",0.344697621492709,96,"Arabidopsis
(Shahan)",2.66904392766324,5.95278033273883,0.0579053152015297
"Metaxylem","e2","Synthesis",0.337902203312828,53,"Arabidopsis
(Shahan)",2.66904392766324,5.95278033273883,0.0567637615408801
"Metaxylem","d","Synthesis",0.54732851906481,348,"Arabidopsis
(Shahan)",2.66904392766324,5.95278033273883,0.0919450220688704
"Procambium","m1","Synthesis",0.938847881760317,30,"Arabidopsis
(Shahan)",3.0011826922267,5.95278033273883,0.157715862048005
"Procambium","m2","Synthesis",0.599348788024549,52,"Arabidopsis
(Shahan)",3.0011826922267,5.95278033273883,0.10068384091519
"Procambium","t","Synthesis",0.479472687337223,500,"Arabidopsis
(Shahan)",3.0011826922267,5.95278033273883,0.0805460071658013
"Procambium","e1","Synthesis",0.199070980795343,500,"Arabidopsis
(Shahan)",3.0011826922267,5.95278033273883,0.033441680973931
"Procambium","e2","Synthesis",0.106338671854984,500,"Arabidopsis
(Shahan)",3.0011826922267,5.95278033273883,0.017863698290721
"Procambium","d","Synthesis",0.678103682454283,500,"Arabidopsis
(Shahan)",3.0011826922267,5.95278033273883,0.113913775505015
"Root cap","LRC","Synthesis",0.585814934002654,500,"Arabidopsis
(Shahan)",5.95278033273883,5.95278033273883,0.0984103059843844
"Root cap","Young LRC","Synthesis",0.721602789003247,226,"Arabidopsis
(Shahan)",5.95278033273883,5.95278033273883,0.121221135111371
"Root cap","Dying LRC","Synthesis",0.323217752020299,500,"Arabidopsis
(Shahan)",5.95278033273883,5.95278033273883,0.054296939237398
"Root cap","Columella","Synthesis",1.35955384471613,61,"Arabidopsis
(Shahan)",5.95278033273883,5.95278033273883,0.22838972189834
"Root cap","CSCD","Synthesis",1.24130403602158,26,"Arabidopsis
(Shahan)",5.95278033273883,5.95278033273883,0.208525086873223
"Root cap","C1","Synthesis",1.38080272225345,13,"Arabidopsis
(Shahan)",5.95278033273883,5.95278033273883,0.231959293820969
"Root cap","Stressed RCC","Synthesis",0.340484254721471,68,"Arabidopsis
(Shahan)",5.95278033273883,5.95278033273883,0.0571975170743141
"Lateral root primordium","LRP","Synthesis",0.483722129339515,500,"Arabidopsis
(Shahan)",0.483722129339515,5.95278033273883,0.0812598655252172
"Stem cell niche","Stem cell niche","Synthesis",0.812694574062538,83,"Arabidopsis
(Shahan)",0.812694574062538,5.95278033273883,0.136523528273489
"Atrichoblast","m1","Conjugation",1.38373996136556,343,"Arabidopsis
(Shahan)",8.03962310136686,8.71256429435382,0.158821205171742
"Atrichoblast","m2","Conjugation",1.3520179447139,352,"Arabidopsis
(Shahan)",8.03962310136686,8.71256429435382,0.155180254519335
"Atrichoblast","t","Conjugation",1.51106675489901,500,"Arabidopsis
(Shahan)",8.03962310136686,8.71256429435382,0.173435363441537
"Atrichoblast","e1","Conjugation",1.45438873279511,500,"Arabidopsis
(Shahan)",8.03962310136686,8.71256429435382,0.166930043057201
"Atrichoblast","e2","Conjugation",0.995998080313659,500,"Arabidopsis
(Shahan)",8.03962310136686,8.71256429435382,0.114317443942321
"Atrichoblast","d","Conjugation",1.34241162727962,500,"Arabidopsis
(Shahan)",8.03962310136686,8.71256429435382,0.154077672419539
"Trichoblast","m1","Conjugation",1.46082120645391,91,"Arabidopsis
(Shahan)",7.03976080354704,8.71256429435382,0.167668341615636
"Trichoblast","m2","Conjugation",1.24862105509954,397,"Arabidopsis
(Shahan)",7.03976080354704,8.71256429435382,0.143312693360405
"Trichoblast","t","Conjugation",0.995051391190655,500,"Arabidopsis
(Shahan)",7.03976080354704,8.71256429435382,0.114208786021298
"Trichoblast","e1","Conjugation",1.02534693571408,500,"Arabidopsis
(Shahan)",7.03976080354704,8.71256429435382,0.117686010808386
"Trichoblast","e2","Conjugation",1.30651155680358,500,"Arabidopsis
(Shahan)",7.03976080354704,8.71256429435382,0.149957178238589
"Trichoblast","d","Conjugation",1.00340865828528,500,"Arabidopsis
(Shahan)",7.03976080354704,8.71256429435382,0.115168006155839
"Cortex","m1","Conjugation",1.94916286776746,19,"Arabidopsis
(Shahan)",8.71256429435382,8.71256429435382,0.223718620823334
"Cortex","m2","Conjugation",1.58796831632048,40,"Arabidopsis
(Shahan)",8.71256429435382,8.71256429435382,0.18226187637428
"Cortex","t","Conjugation",1.32304128429325,500,"Arabidopsis
(Shahan)",8.71256429435382,8.71256429435382,0.151854406991366
"Cortex","e1","Conjugation",1.25625964936411,500,"Arabidopsis
(Shahan)",8.71256429435382,8.71256429435382,0.144189426547846
"Cortex","e2","Conjugation",1.22210078109843,500,"Arabidopsis
(Shahan)",8.71256429435382,8.71256429435382,0.140268781934891
"Cortex","d","Conjugation",1.37403139551008,500,"Arabidopsis
(Shahan)",8.71256429435382,8.71256429435382,0.157706887328283
"Endodermis","m1","Conjugation",1.42798912295727,31,"Arabidopsis
(Shahan)",7.61516911589211,8.71256429435382,0.163899981074766
"Endodermis","m2","Conjugation",1.5250649864335,106,"Arabidopsis
(Shahan)",7.61516911589211,8.71256429435382,0.175042035261859
"Endodermis","t","Conjugation",1.1096258349825,500,"Arabidopsis
(Shahan)",7.61516911589211,8.71256429435382,0.127359270760457
"Endodermis","e1","Conjugation",1.0622042498284,500,"Arabidopsis
(Shahan)",7.61516911589211,8.71256429435382,0.121916374323545
"Endodermis","e2","Conjugation",1.526570865501,461,"Arabidopsis
(Shahan)",7.61516911589211,8.71256429435382,0.17521487519929
"Endodermis","d","Conjugation",0.963714056189455,500,"Arabidopsis
(Shahan)",7.61516911589211,8.71256429435382,0.110611987886734
"PPP","m1","Conjugation",1.38593733041058,44,"Arabidopsis
(Shahan)",5.41594386570702,8.71256429435382,0.159073412096222
"PPP","m2","Conjugation",1.14271054539136,171,"Arabidopsis
(Shahan)",5.41594386570702,8.71256429435382,0.131156627002672
"PPP","t","Conjugation",0.947478630909517,414,"Arabidopsis
(Shahan)",5.41594386570702,8.71256429435382,0.108748538191395
"PPP","e1","Conjugation",0.656271403769713,500,"Arabidopsis
(Shahan)",5.41594386570702,8.71256429435382,0.0753247128626655
"PPP","e2","Conjugation",0.650112237605583,196,"Arabidopsis
(Shahan)",5.41594386570702,8.71256429435382,0.0746177836560574
"PPP","d","Conjugation",0.633433717620269,500,"Arabidopsis
(Shahan)",5.41594386570702,8.71256429435382,0.0727034769810268
"XPP","m1","Conjugation",1.16632301065807,75,"Arabidopsis
(Shahan)",6.13432091777929,8.71256429435382,0.13386678952991
"XPP","m2","Conjugation",0.897597755251744,314,"Arabidopsis
(Shahan)",6.13432091777929,8.71256429435382,0.103023372330627
"XPP","t","Conjugation",0.625552298802835,500,"Arabidopsis
(Shahan)",6.13432091777929,8.71256429435382,0.0717988731754008
"XPP","e1","Conjugation",0.779607648221067,500,"Arabidopsis
(Shahan)",6.13432091777929,8.71256429435382,0.089480848792851
"XPP","e2","Conjugation",1.23829038226509,500,"Arabidopsis
(Shahan)",6.13432091777929,8.71256429435382,0.142126972086457
"XPP","d","Conjugation",1.42694982258048,500,"Arabidopsis
(Shahan)",6.13432091777929,8.71256429435382,0.163780693533041
"PSE","m1","Conjugation",0.458195653960629,23,"Arabidopsis
(Shahan)",2.64345862393486,8.71256429435382,0.052590217814239
"PSE","m2","Conjugation",0.310604948346004,38,"Arabidopsis
(Shahan)",2.64345862393486,8.71256429435382,0.0356502331405797
"PSE","t","Conjugation",0.335022881442861,169,"Arabidopsis
(Shahan)",2.64345862393486,8.71256429435382,0.038452844664799
"PSE","e1","Conjugation",0.842988401215832,14,"Arabidopsis
(Shahan)",2.64345862393486,8.71256429435382,0.096755486988157
"PSE","e2","Conjugation",0.696646738969538,52,"Arabidopsis
(Shahan)",2.64345862393486,8.71256429435382,0.0799588634796073
"PCC","m1","Conjugation",0.726249049275286,97,"Arabidopsis
(Shahan)",3.278645522876,8.71256429435382,0.0833565210813919
"PCC","m2","Conjugation",0.479422683926445,90,"Arabidopsis
(Shahan)",3.278645522876,8.71256429435382,0.0550265877793447
"PCC","t","Conjugation",0.329144301008738,250,"Arabidopsis
(Shahan)",3.278645522876,8.71256429435382,0.0377781201823715
"PCC","e1","Conjugation",0.295632257950133,500,"Arabidopsis
(Shahan)",3.278645522876,8.71256429435382,0.0339317160783212
"PCC","e2","Conjugation",0.526550433659866,500,"Arabidopsis
(Shahan)",3.278645522876,8.71256429435382,0.0604357587353584
"PCC","d","Conjugation",0.921646797055534,384,"Arabidopsis
(Shahan)",3.278645522876,8.71256429435382,0.105783643703245
"Protoxylem","m1","Conjugation",0.644540977564633,11,"Arabidopsis
(Shahan)",3.32353689966363,8.71256429435382,0.0739783324161325
"Protoxylem","m2","Conjugation",0.522553717110964,71,"Arabidopsis
(Shahan)",3.32353689966363,8.71256429435382,0.0599770285138217
"Protoxylem","t","Conjugation",0.57711795659905,410,"Arabidopsis
(Shahan)",3.32353689966363,8.71256429435382,0.0662397357541512
"Protoxylem","e1","Conjugation",0.617317710744587,289,"Arabidopsis
(Shahan)",3.32353689966363,8.71256429435382,0.0708537337445693
"Protoxylem","e2","Conjugation",0.501844982703556,254,"Arabidopsis
(Shahan)",3.32353689966363,8.71256429435382,0.0576001468395219
"Protoxylem","d","Conjugation",0.460161554940839,500,"Arabidopsis
(Shahan)",3.32353689966363,8.71256429435382,0.0528158575815673
"Metaxylem","m1","Conjugation",1.01072638057566,10,"Arabidopsis
(Shahan)",5.46686583380542,8.71256429435382,0.116007910694061
"Metaxylem","m2","Conjugation",0.990811140187301,45,"Arabidopsis
(Shahan)",5.46686583380542,8.71256429435382,0.113722103701363
"Metaxylem","t","Conjugation",0.804677279723613,346,"Arabidopsis
(Shahan)",5.46686583380542,8.71256429435382,0.0923582601559778
"Metaxylem","e1","Conjugation",0.833150366493707,96,"Arabidopsis
(Shahan)",5.46686583380542,8.71256429435382,0.0956263091261927
"Metaxylem","e2","Conjugation",0.724835814207824,53,"Arabidopsis
(Shahan)",5.46686583380542,8.71256429435382,0.0831943145231714
"Metaxylem","d","Conjugation",1.10266485261731,348,"Arabidopsis
(Shahan)",5.46686583380542,8.71256429435382,0.126560311679065
"Procambium","m1","Conjugation",1.19345699704355,30,"Arabidopsis
(Shahan)",5.41200812163604,8.71256429435382,0.136981140881448
"Procambium","m2","Conjugation",0.972904509364693,52,"Arabidopsis
(Shahan)",5.41200812163604,8.71256429435382,0.111666838429552
"Procambium","t","Conjugation",0.643384406109952,500,"Arabidopsis
(Shahan)",5.41200812163604,8.71256429435382,0.0738455848787133
"Procambium","e1","Conjugation",0.647217927309491,500,"Arabidopsis
(Shahan)",5.41200812163604,8.71256429435382,0.0742855840649487
"Procambium","e2","Conjugation",0.702198758073967,500,"Arabidopsis
(Shahan)",5.41200812163604,8.71256429435382,0.0805961063069603
"Procambium","d","Conjugation",1.25284552373438,500,"Arabidopsis
(Shahan)",5.41200812163604,8.71256429435382,0.143797564231037
"Root cap","LRC","Conjugation",0.979134061510287,500,"Arabidopsis
(Shahan)",7.60428112994164,8.71256429435382,0.112381846311862
"Root cap","Young LRC","Conjugation",1.00312713770745,226,"Arabidopsis
(Shahan)",7.60428112994164,8.71256429435382,0.115135694132843
"Root cap","Dying LRC","Conjugation",0.770488670121673,500,"Arabidopsis
(Shahan)",7.60428112994164,8.71256429435382,0.0884342019284712
"Root cap","Columella","Conjugation",0.784782251375979,61,"Arabidopsis
(Shahan)",7.60428112994164,8.71256429435382,0.0900747730360576
"Root cap","CSCD","Conjugation",0.986977695748314,26,"Arabidopsis
(Shahan)",7.60428112994164,8.71256429435382,0.113282113325456
"Root cap","C1","Conjugation",1.32112161726923,13,"Arabidopsis
(Shahan)",7.60428112994164,8.71256429435382,0.151634073808257
"Root cap","Stressed RCC","Conjugation",1.7586496962087,68,"Arabidopsis
(Shahan)",7.60428112994164,8.71256429435382,0.201852134089661
"Lateral root primordium","LRP","Conjugation",1.40134219990695,500,"Arabidopsis
(Shahan)",1.40134219990695,8.71256429435382,0.160841533280287
"Stem cell niche","Stem cell niche","Conjugation",1.17502757999441,83,"Arabidopsis
(Shahan)",1.17502757999441,8.71256429435382,0.134865871894442
"Atrichoblast","m1","PAT",1.11268195152005,343,"Arabidopsis
(Shahan)",4.64340268048605,12.2788891355905,0.0906174768118827
"Atrichoblast","m2","PAT",0.929518636995045,352,"Arabidopsis
(Shahan)",4.64340268048605,12.2788891355905,0.0757005480488317
"Atrichoblast","t","PAT",0.997150386490084,500,"Arabidopsis
(Shahan)",4.64340268048605,12.2788891355905,0.0812085177640242
"Atrichoblast","e1","PAT",0.891336749682592,500,"Arabidopsis
(Shahan)",4.64340268048605,12.2788891355905,0.0725909925433762
"Atrichoblast","e2","PAT",0.410158965093079,500,"Arabidopsis
(Shahan)",4.64340268048605,12.2788891355905,0.0334035889211043
"Atrichoblast","d","PAT",0.302555990705201,500,"Arabidopsis
(Shahan)",4.64340268048605,12.2788891355905,0.0246403389886663
"Trichoblast","m1","PAT",0.900947778463942,91,"Arabidopsis
(Shahan)",3.14087730848747,12.2788891355905,0.0733737204168198
"Trichoblast","m2","PAT",0.729900321621233,397,"Arabidopsis
(Shahan)",3.14087730848747,12.2788891355905,0.0594435142757018
"Trichoblast","t","PAT",0.544059327433201,500,"Arabidopsis
(Shahan)",3.14087730848747,12.2788891355905,0.0443085136957739
"Trichoblast","e1","PAT",0.519917654742017,500,"Arabidopsis
(Shahan)",3.14087730848747,12.2788891355905,0.0423424015805331
"Trichoblast","e2","PAT",0.25608213991693,500,"Arabidopsis
(Shahan)",3.14087730848747,12.2788891355905,0.0208554810691037
"Trichoblast","d","PAT",0.189970086310146,500,"Arabidopsis
(Shahan)",3.14087730848747,12.2788891355905,0.0154712762866729
"Cortex","m1","PAT",1.08572665392454,19,"Arabidopsis
(Shahan)",4.18505367475185,12.2788891355905,0.0884222214188378
"Cortex","m2","PAT",0.677004793395926,40,"Arabidopsis
(Shahan)",4.18505367475185,12.2788891355905,0.0551356711441934
"Cortex","t","PAT",0.794941300135265,500,"Arabidopsis
(Shahan)",4.18505367475185,12.2788891355905,0.064740490068529
"Cortex","e1","PAT",0.760848791629016,500,"Arabidopsis
(Shahan)",4.18505367475185,12.2788891355905,0.0619639759938615
"Cortex","e2","PAT",0.56096309991293,500,"Arabidopsis
(Shahan)",4.18505367475185,12.2788891355905,0.0456851669331367
"Cortex","d","PAT",0.305569035754166,500,"Arabidopsis
(Shahan)",4.18505367475185,12.2788891355905,0.0248857231611018
"Endodermis","m1","PAT",0.947646976170783,31,"Arabidopsis
(Shahan)",2.87823405970491,12.2788891355905,0.0771769307228305
"Endodermis","m2","PAT",0.878817740813422,106,"Arabidopsis
(Shahan)",2.87823405970491,12.2788891355905,0.0715714370501286
"Endodermis","t","PAT",0.514301294995092,500,"Arabidopsis
(Shahan)",2.87823405970491,12.2788891355905,0.041885001917998
"Endodermis","e1","PAT",0.200772559865266,500,"Arabidopsis
(Shahan)",2.87823405970491,12.2788891355905,0.016351036127798
"Endodermis","e2","PAT",0.228799839727783,461,"Arabidopsis
(Shahan)",2.87823405970491,12.2788891355905,0.0186335943912552
"Endodermis","d","PAT",0.107895648132564,500,"Arabidopsis
(Shahan)",2.87823405970491,12.2788891355905,0.0087870854554609
"PPP","m1","PAT",1.51410086070313,44,"Arabidopsis
(Shahan)",5.36087724808426,12.2788891355905,0.123309270405781
"PPP","m2","PAT",1.29475717783869,171,"Arabidopsis
(Shahan)",5.36087724808426,12.2788891355905,0.105445791027287
"PPP","t","PAT",1.01591314737013,414,"Arabidopsis
(Shahan)",5.36087724808426,12.2788891355905,0.0827365681171838
"PPP","e1","PAT",0.476213112919163,500,"Arabidopsis
(Shahan)",5.36087724808426,12.2788891355905,0.0387830778224762
"PPP","e2","PAT",0.326418215763412,196,"Arabidopsis
(Shahan)",5.36087724808426,12.2788891355905,0.0265836927232518
"PPP","d","PAT",0.733474733489735,500,"Arabidopsis
(Shahan)",5.36087724808426,12.2788891355905,0.0597346164942357
"XPP","m1","PAT",1.58804544799415,75,"Arabidopsis
(Shahan)",4.9841501500982,12.2788891355905,0.129331361368121
"XPP","m2","PAT",0.952433200833896,314,"Arabidopsis
(Shahan)",4.9841501500982,12.2788891355905,0.0775667236927206
"XPP","t","PAT",0.538218047888235,500,"Arabidopsis
(Shahan)",4.9841501500982,12.2788891355905,0.0438327964317395
"XPP","e1","PAT",0.505033341727524,500,"Arabidopsis
(Shahan)",4.9841501500982,12.2788891355905,0.0411302143174891
"XPP","e2","PAT",0.500535961267427,500,"Arabidopsis
(Shahan)",4.9841501500982,12.2788891355905,0.0407639449904811
"XPP","d","PAT",0.899884150386969,500,"Arabidopsis
(Shahan)",4.9841501500982,12.2788891355905,0.0732870979165897
"PSE","m1","PAT",1.53782420710746,23,"Arabidopsis
(Shahan)",3.60653269266188,12.2788891355905,0.125241313780581
"PSE","m2","PAT",0.438442100459615,38,"Arabidopsis
(Shahan)",3.60653269266188,12.2788891355905,0.035706984208269
"PSE","t","PAT",0.295077007638782,169,"Arabidopsis
(Shahan)",3.60653269266188,12.2788891355905,0.0240312461803648
"PSE","e1","PAT",0.63410675833222,14,"Arabidopsis
(Shahan)",3.60653269266188,12.2788891355905,0.0516420297740335
"PSE","e2","PAT",0.701082619123805,52,"Arabidopsis
(Shahan)",3.60653269266188,12.2788891355905,0.0570965835249469
"PCC","m1","PAT",1.48900304865782,97,"Arabidopsis
(Shahan)",5.15774840760301,12.2788891355905,0.121265289735529
"PCC","m2","PAT",1.05452789040467,90,"Arabidopsis
(Shahan)",5.15774840760301,12.2788891355905,0.0858813756488859
"PCC","t","PAT",0.781012921988689,250,"Arabidopsis
(Shahan)",5.15774840760301,12.2788891355905,0.0636061547070179
"PCC","e1","PAT",0.319953835128415,500,"Arabidopsis
(Shahan)",5.15774840760301,12.2788891355905,0.0260572297375848
"PCC","e2","PAT",0.402459633021137,500,"Arabidopsis
(Shahan)",5.15774840760301,12.2788891355905,0.032776550759352
"PCC","d","PAT",1.11079107840227,384,"Arabidopsis
(Shahan)",5.15774840760301,12.2788891355905,0.090463482985821
"Protoxylem","m1","PAT",1.50379978709912,11,"Arabidopsis
(Shahan)",5.78599239576164,12.2788891355905,0.12247034487349
"Protoxylem","m2","PAT",1.11884044689361,71,"Arabidopsis
(Shahan)",5.78599239576164,12.2788891355905,0.0911190283207822
"Protoxylem","t","PAT",1.25673372971637,410,"Arabidopsis
(Shahan)",5.78599239576164,12.2788891355905,0.102349138903267
"Protoxylem","e1","PAT",1.02703720524989,289,"Arabidopsis
(Shahan)",5.78599239576164,12.2788891355905,0.0836425179760779
"Protoxylem","e2","PAT",0.618490648065398,254,"Arabidopsis
(Shahan)",5.78599239576164,12.2788891355905,0.0503702445095539
"Protoxylem","d","PAT",0.261090578737251,500,"Arabidopsis
(Shahan)",5.78599239576164,12.2788891355905,0.0212633712915021
"Metaxylem","m1","PAT",2.54409682335339,10,"Arabidopsis
(Shahan)",12.2788891355905,12.2788891355905,0.207192751336055
"Metaxylem","m2","PAT",2.30041944563607,45,"Arabidopsis
(Shahan)",12.2788891355905,12.2788891355905,0.187347521443799
"Metaxylem","t","PAT",2.04987758035844,346,"Arabidopsis
(Shahan)",12.2788891355905,12.2788891355905,0.166943243621025
"Metaxylem","e1","PAT",1.95529227232038,96,"Arabidopsis
(Shahan)",12.2788891355905,12.2788891355905,0.159240160142251
"Metaxylem","e2","PAT",1.72038037352463,53,"Arabidopsis
(Shahan)",12.2788891355905,12.2788891355905,0.140108796042314
"Metaxylem","d","PAT",1.70882264039758,348,"Arabidopsis
(Shahan)",12.2788891355905,12.2788891355905,0.139167527414556
"Procambium","m1","PAT",2.09921645927846,30,"Arabidopsis
(Shahan)",10.3884660956071,12.2788891355905,0.170961431127663
"Procambium","m2","PAT",1.95916887566359,52,"Arabidopsis
(Shahan)",10.3884660956071,12.2788891355905,0.159555873013375
"Procambium","t","PAT",2.02145189841944,500,"Arabidopsis
(Shahan)",10.3884660956071,12.2788891355905,0.164628239256615
"Procambium","e1","PAT",1.50142324281423,500,"Arabidopsis
(Shahan)",10.3884660956071,12.2788891355905,0.122276797700074
"Procambium","e2","PAT",0.948520859988902,500,"Arabidopsis
(Shahan)",10.3884660956071,12.2788891355905,0.0772481003382957
"Procambium","d","PAT",1.85868475944246,500,"Arabidopsis
(Shahan)",10.3884660956071,12.2788891355905,0.151372387104224
"Root cap","LRC","PAT",0.833126588729554,500,"Arabidopsis
(Shahan)",10.3027646507077,12.2788891355905,0.0678503225763908
"Root cap","Young LRC","PAT",1.07083050157066,226,"Arabidopsis
(Shahan)",10.3027646507077,12.2788891355905,0.0872090699529852
"Root cap","Dying LRC","PAT",0.378350540048294,500,"Arabidopsis
(Shahan)",10.3027646507077,12.2788891355905,0.0308130919556592
"Root cap","Columella","PAT",2.28342105228483,61,"Arabidopsis
(Shahan)",10.3027646507077,12.2788891355905,0.185963162226647
"Root cap","CSCD","PAT",2.64128257205351,26,"Arabidopsis
(Shahan)",10.3027646507077,12.2788891355905,0.215107616241743
"Root cap","C1","PAT",2.32281627784895,13,"Arabidopsis
(Shahan)",10.3027646507077,12.2788891355905,0.189171532717584
"Root cap","Stressed RCC","PAT",0.7729371181719,68,"Arabidopsis
(Shahan)",10.3027646507077,12.2788891355905,0.0629484564635032
"Lateral root primordium","LRP","PAT",1.25890877523262,500,"Arabidopsis
(Shahan)",1.25890877523262,12.2788891355905,0.102526275897684
"Stem cell niche","Stem cell niche","PAT",1.86766998109649,83,"Arabidopsis
(Shahan)",1.86766998109649,12.2788891355905,0.152104148874757
"Atrichoblast","m1","ARF",0.164357527198159,129,"Rice
(Wang)",0.621623233009966,0.621623233009966,0.264400554017781
"Atrichoblast","m2","ARF",0.140162409211564,549,"Rice
(Wang)",0.621623233009966,0.621623233009966,0.225478073805064
"Atrichoblast","t","ARF",0.176444336828826,63,"Rice
(Wang)",0.621623233009966,0.621623233009966,0.283844501716037
"Atrichoblast","d","ARF",0.140658959771418,47,"Rice
(Wang)",0.621623233009966,0.621623233009966,0.226276870461118
"Trichoblast","t","ARF",0.108204165754912,5456,"Rice
(Wang)",0.225793743755451,0.621623233009966,0.174067119774427
"Trichoblast","e1","ARF",0.117589578000538,353,"Rice
(Wang)",0.225793743755451,0.621623233009966,0.189165352509682
"Cortex","m1","ARF",0.139621542446634,1245,"Rice
(Wang)",0.398254305090094,0.621623233009966,0.224607986047387
"Cortex","m2","ARF",0.130852879381764,2776,"Rice
(Wang)",0.398254305090094,0.621623233009966,0.210501912465788
"Cortex","t","ARF",0.127779883261696,1397,"Rice
(Wang)",0.398254305090094,0.621623233009966,0.205558409783
"Endodermis","m1","ARF",0.235288470666966,303,"Rice
(Wang)",0.42373631777307,0.621623233009966,0.378506558591245
"Endodermis","t","ARF",0.188447847106103,599,"Rice
(Wang)",0.42373631777307,0.621623233009966,0.303154446454034
"XPP","m1","ARF",0.177757101186242,159,"Rice
(Wang)",0.471657986657233,0.621623233009966,0.285956334555778
"XPP","m2","ARF",0.165929221351015,374,"Rice
(Wang)",0.471657986657233,0.621623233009966,0.2669289250139
"XPP","t","ARF",0.127971664119975,24,"Rice
(Wang)",0.471657986657233,0.621623233009966,0.205866926016138
"Protoxylem","t","ARF",0.180585991947145,50,"Rice
(Wang)",0.339828610847412,0.621623233009966,0.290507147026548
"Protoxylem","d","ARF",0.159242618900268,81,"Rice
(Wang)",0.339828610847412,0.621623233009966,0.256172244607393
"Metaxylem","d","ARF",0.241678563704888,24,"Rice
(Wang)",0.241678563704888,0.621623233009966,0.388786246830986
"Procambium","d","ARF",0.34650086442614,12,"Rice
(Wang)",0.34650086442614,0.621623233009966,0.557412989132253
"Root cap","LRC","ARF",0.120505018854531,517,"Rice
(Wang)",0.247625979722181,0.621623233009966,0.193855397377979
"Root cap","Young LRC","ARF",0.12712096086765,248,"Rice
(Wang)",0.247625979722181,0.621623233009966,0.204498406940352
"Lateral root primordium","LRP","ARF",0.125419145061795,2539,"Rice
(Wang)",0.125419145061795,0.621623233009966,0.201760710349421
"Stem cell niche","Stem cell niche","ARF",0.162007100855575,238,"Rice
(Wang)",0.162007100855575,0.621623233009966,0.260619443181233
"Atrichoblast","m1","Synthesis",0.0135196834686318,129,"Rice
(Wang)",0.118226766552956,0.16934881497542,0.0798333514798677
"Atrichoblast","m2","Synthesis",0.0199329276914243,549,"Rice
(Wang)",0.118226766552956,0.16934881497542,0.117703378640809
"Atrichoblast","t","Synthesis",0.0465522062747671,63,"Rice
(Wang)",0.118226766552956,0.16934881497542,0.274889471659567
"Atrichoblast","d","Synthesis",0.0382219491181332,47,"Rice
(Wang)",0.118226766552956,0.16934881497542,0.225699536921359
"Trichoblast","t","Synthesis",0.0284720344225888,5456,"Rice
(Wang)",0.0562389521607553,0.16934881497542,0.168126564255683
"Trichoblast","e1","Synthesis",0.0277669177381665,353,"Rice
(Wang)",0.0562389521607553,0.16934881497542,0.163962870021834
"Cortex","m1","Synthesis",0.0235537426690642,1245,"Rice
(Wang)",0.0830212463549239,0.16934881497542,0.139084189472969
"Cortex","m2","Synthesis",0.0273990604819976,2776,"Rice
(Wang)",0.0830212463549239,0.16934881497542,0.161790683247322
"Cortex","t","Synthesis",0.0320684432038621,1397,"Rice
(Wang)",0.0830212463549239,0.16934881497542,0.189363257183208
"Endodermis","m1","Synthesis",0.0542188211387887,303,"Rice
(Wang)",0.101421890177458,0.16934881497542,0.32016061728367
"Endodermis","t","Synthesis",0.0472030690386693,599,"Rice
(Wang)",0.101421890177458,0.16934881497542,0.278732798015271
"XPP","m1","Synthesis",0.059081432537397,159,"Rice
(Wang)",0.16934881497542,0.16934881497542,0.34887420113316
"XPP","m2","Synthesis",0.0656936978339061,374,"Rice
(Wang)",0.16934881497542,0.16934881497542,0.387919442149277
"XPP","t","Synthesis",0.0445736846041172,24,"Rice
(Wang)",0.16934881497542,0.16934881497542,0.263206356717564
"Protoxylem","t","Synthesis",0.0653242181890703,50,"Rice
(Wang)",0.118797887659807,0.16934881497542,0.385737675215216
"Protoxylem","d","Synthesis",0.0534736694707366,81,"Rice
(Wang)",0.118797887659807,0.16934881497542,0.315760517594988
"Metaxylem","d","Synthesis",0.151312773244595,24,"Rice
(Wang)",0.151312773244595,0.16934881497542,0.893497679724284
"Procambium","d","Synthesis",0.0714355906633608,12,"Rice
(Wang)",0.0714355906633608,0.16934881497542,0.421825158172669
"Root cap","LRC","Synthesis",0.0185702673136802,517,"Rice
(Wang)",0.037634379845721,0.16934881497542,0.109656907350521
"Root cap","Young LRC","Synthesis",0.0190641125320408,248,"Rice
(Wang)",0.037634379845721,0.16934881497542,0.112573049506179
"Lateral root primordium","LRP","Synthesis",0.0293028165234606,2539,"Rice
(Wang)",0.0293028165234606,0.16934881497542,0.173032309247122
"Stem cell niche","Stem cell niche","Synthesis",0.019061162258247,238,"Rice
(Wang)",0.019061162258247,0.16934881497542,0.112555628222221
"Atrichoblast","m1","Conjugation",0.0526815947754278,129,"Rice
(Wang)",0.208302880905434,0.208302880905434,0.252908622993766
"Atrichoblast","m2","Conjugation",0.0514781469033329,549,"Rice
(Wang)",0.208302880905434,0.208302880905434,0.247131228716434
"Atrichoblast","t","Conjugation",0.0592438733243072,63,"Rice
(Wang)",0.208302880905434,0.208302880905434,0.28441216495322
"Atrichoblast","d","Conjugation",0.0448992659023661,47,"Rice
(Wang)",0.208302880905434,0.208302880905434,0.21554798333658
"Trichoblast","t","Conjugation",0.0419627166510102,5456,"Rice
(Wang)",0.0777816363452815,0.208302880905434,0.20145048627561
"Trichoblast","e1","Conjugation",0.0358189196942713,353,"Rice
(Wang)",0.0777816363452815,0.208302880905434,0.171955949618059
"Cortex","m1","Conjugation",0.0428086490298416,1245,"Rice
(Wang)",0.119606269588289,0.208302880905434,0.205511555307178
"Cortex","m2","Conjugation",0.0428403963895479,2776,"Rice
(Wang)",0.119606269588289,0.208302880905434,0.205663964911732
"Cortex","t","Conjugation",0.0339572241688994,1397,"Rice
(Wang)",0.119606269588289,0.208302880905434,0.163018504695167
"Endodermis","m1","Conjugation",0.0592774989771475,303,"Rice
(Wang)",0.102530871303973,0.208302880905434,0.284573591682866
"Endodermis","t","Conjugation",0.0432533723268258,599,"Rice
(Wang)",0.102530871303973,0.208302880905434,0.20764653920683
"XPP","m1","Conjugation",0.0684041945404428,159,"Rice
(Wang)",0.174950664491053,0.208302880905434,0.328388134830921
"XPP","m2","Conjugation",0.0623015545539652,374,"Rice
(Wang)",0.174950664491053,0.208302880905434,0.29909118051156
"XPP","t","Conjugation",0.0442449153966451,24,"Rice
(Wang)",0.174950664491053,0.208302880905434,0.212406641734022
"Protoxylem","t","Conjugation",0.109059424138915,50,"Rice
(Wang)",0.15232346591379,0.208302880905434,0.523561765756019
"Protoxylem","d","Conjugation",0.0432640417748752,81,"Rice
(Wang)",0.15232346591379,0.208302880905434,0.207697760044501
"Metaxylem","d","Conjugation",0.123730526964415,24,"Rice
(Wang)",0.123730526964415,0.208302880905434,0.593993354420223
"Procambium","d","Conjugation",0.0845921069428649,12,"Rice
(Wang)",0.0845921069428649,0.208302880905434,0.406101473849842
"Root cap","LRC","Conjugation",0.0348342852363974,517,"Rice
(Wang)",0.0754118444027049,0.208302880905434,0.167229013276161
"Root cap","Young LRC","Conjugation",0.0405775591663074,248,"Rice
(Wang)",0.0754118444027049,0.208302880905434,0.194800758347308
"Lateral root primordium","LRP","Conjugation",0.0369551579263264,2539,"Rice
(Wang)",0.0369551579263264,0.208302880905434,0.177410690460414
"Stem cell niche","Stem cell niche","Conjugation",0.0417589243309594,238,"Rice
(Wang)",0.0417589243309594,0.208302880905434,0.200472140132893
"Atrichoblast","m1","PAT",0.16540949862418,129,"Rice
(Wang)",0.52343608784473,0.52343608784473,0.316007058866079
"Atrichoblast","m2","PAT",0.101364808102581,549,"Rice
(Wang)",0.52343608784473,0.52343608784473,0.193652693149138
"Atrichoblast","t","PAT",0.125329629997749,63,"Rice
(Wang)",0.52343608784473,0.52343608784473,0.239436357003583
"Atrichoblast","d","PAT",0.13133215112022,47,"Rice
(Wang)",0.52343608784473,0.52343608784473,0.2509038909812
"Trichoblast","t","PAT",0.0697855898954396,5456,"Rice
(Wang)",0.179646234402366,0.52343608784473,0.133322083662181
"Trichoblast","e1","PAT",0.109860644506926,353,"Rice
(Wang)",0.179646234402366,0.52343608784473,0.209883588575793
"Cortex","m1","PAT",0.0877394735924151,1245,"Rice
(Wang)",0.256990267114681,0.52343608784473,0.167622133112155
"Cortex","m2","PAT",0.0858467040106087,2776,"Rice
(Wang)",0.256990267114681,0.52343608784473,0.164006085946588
"Cortex","t","PAT",0.0834040895116567,1397,"Rice
(Wang)",0.256990267114681,0.52343608784473,0.159339585956093
"Endodermis","m1","PAT",0.163233588498023,303,"Rice
(Wang)",0.279273437564109,0.52343608784473,0.311850085022116
"Endodermis","t","PAT",0.116039849066087,599,"Rice
(Wang)",0.279273437564109,0.52343608784473,0.221688667940121
"XPP","m1","PAT",0.164374815402535,159,"Rice
(Wang)",0.458214873009669,0.52343608784473,0.314030345288868
"XPP","m2","PAT",0.17545513468264,374,"Rice
(Wang)",0.458214873009669,0.52343608784473,0.33519877356008
"XPP","t","PAT",0.118384922924494,24,"Rice
(Wang)",0.458214873009669,0.52343608784473,0.226168821129527
"Protoxylem","t","PAT",0.259181816797056,50,"Rice
(Wang)",0.35465672858981,0.52343608784473,0.495154657494572
"Protoxylem","d","PAT",0.0954749117927542,81,"Rice
(Wang)",0.35465672858981,0.52343608784473,0.182400323573172
"Metaxylem","d","PAT",0.268091982662147,24,"Rice
(Wang)",0.268091982662147,0.52343608784473,0.512177109847407
"Procambium","d","PAT",0.156545436350311,12,"Rice
(Wang)",0.156545436350311,0.52343608784473,0.299072685253501
"Root cap","LRC","PAT",0.209966418478928,517,"Rice
(Wang)",0.439053818552479,0.52343608784473,0.401130956299696
"Root cap","Young LRC","PAT",0.229087400073551,248,"Rice
(Wang)",0.439053818552479,0.52343608784473,0.437660691330679
"Lateral root primordium","LRP","PAT",0.091034756576049,2539,"Rice
(Wang)",0.091034756576049,0.52343608784473,0.173917616095001
"Stem cell niche","Stem cell niche","PAT",0.103144959934926,238,"Rice
(Wang)",0.103144959934926,0.52343608784473,0.197053589406931
