"Organ","Tissue_Cleaned","ARF","Conjugation","PAT","Synthesis","ARF_hat","resid"
"Bud","Bud-unknown",0.116578064560296,0.101764778586856,0.0252423182357108,0.0175418100452387,0.0793601161393418,0.0372179484209543
"Bud","Bud-axis",0.18956225487392,0.115426814056234,0.0393282777374351,0.0327520888530538,0.122687428140045,0.0668748267338751
"Bud","Bud-primordium",0.140676081354653,0.145235148698217,0.0579102715450979,0.00987510583027963,0.080445209959758,0.0602308713948946
"Bud","Epidermis",0.175317497096404,0.138537785642705,0.0498541628698081,0.029975103252014,0.125253234070455,0.0500642630259489
"Bud","Parenchyma-cell",0.133100228911197,0.136853368666063,0.0305870383899664,0.0199397182255796,0.0973921253931193,0.035708103518078
"Bud","Root-meristem",0.147053743609407,0.119968231312388,0.0316730382425915,0.0288732057317396,0.113568467986989,0.033485275622417
"Bud","Shoot-apical-meristem",0.149685762128033,0.138294127486374,0.0304711139295332,0.0299660476258375,0.121941065833005,0.0277446962950283
"Bud","Vascular-cylinder",0.15239083916069,0.161849790236584,0.0847007108427729,0.0137451324207251,0.0995760799801157,0.0528147591805741
"Flag leaf","Epidermis",0.0910938618775619,0.0897762150694891,0.00803923890325562,0.0112627289319221,0.0575275799976929,0.033566281879869
"Flag leaf","Fiber",0.112985222407486,0.0495732942824424,0.00562264537732752,0.00889689043455994,0.0383987274066046,0.0745864950008817
"Flag leaf","Guard-cell",0.0849251655873556,0.0506975851696438,0.0164061949926506,0.0125714426143489,0.0493827447425441,0.0355424208448114
"Flag leaf","Mesophyll",0.0680006671350783,0.0611159815970176,0.00343731994088882,0.00801165798458477,0.0396531700609626,0.0283474970741157
"Flag leaf","Vascular-cylinder",0.10275877001186,0.163852158378969,0.11177607929801,0.0143262577592772,0.106108329108012,-0.00334955909615149
"Leaf","Epidermis",0.0810491848620778,0.110622574402783,0.01750844245445,0.012786404768933,0.0695213970606199,0.0115277878014579
"Leaf","Fiber",0.079678507028908,0.0631279219211441,0.0101566510999697,0.00954653370025226,0.0451085372513668,0.0345699697775411
"Leaf","Guard-cell",0.0714858510446427,0.0767342012562307,0.0260894771539017,0.0186850561771281,0.0741287745124272,-0.00264292346778445
"Leaf","Mesophyll",0.0620502080700288,0.0721115969560249,0.0119364316072249,0.00921560214989489,0.0475221849002942,0.0145280231697346
"Leaf","Parenchyma-cell",0.0806570939462181,0.0724296529041186,0.00482155573365058,0.037326856871568,0.114018959074731,-0.033361865128513
"Leaf","Vascular-cylinder",0.0933806998318935,0.1469127634036,0.0533446616455831,0.0241558181479865,0.114560232677385,-0.0211795328454913
"Root","Cortex",0.154059314150419,0.455089538505249,0.072017189626181,0.0280844438768842,0.227068057230843,-0.0730087430804239
"Root","Endodermis",0.24774969447257,0.518236275655072,0.115709752295502,0.0423071538121934,0.288979237218374,-0.0412295427458039
"Root","Epidermis",0.128241085762913,0.352015532233698,0.0773055137058323,0.0210277456391472,0.177545084504762,-0.049303998741849
"Root","epidermis-near-root-hair",0.130283164539435,0.452465405787517,0.0579860204492758,0.0274822875640759,0.222444704869495,-0.0921615403300596
"Root","Exodermis",0.138707857737657,0.315083819040055,0.0688940328293574,0.0212572321262735,0.164722675335094,-0.0260148175974373
"Root","Meristem",0.144911595017449,0.325626257596044,0.0786539488871703,0.0224532990343124,0.172634635815131,-0.0277230407976825
"Root","Root-cap",0.133562581275869,0.238914046544891,0.187776684954579,0.0152417058546351,0.145250162502412,-0.0116875812265436
"Root","Sclerenchyma",0.132657127254598,0.287252252268495,0.0686338191051771,0.0184564696572928,0.148918836666652,-0.0162617094120547
"Root","Vascular-cylinder",0.198405572254935,0.460598081984018,0.139955764058503,0.0649040334316414,0.328616003525532,-0.130210431270597
"Shoot apical meristem","Epidermis",0.0917263158639622,0.127196205656401,0.0217114520558901,0.0252508795630755,0.105555597042968,-0.013829281179006
"Shoot apical meristem","Guard-cell",0.141906486620592,0.164263181442299,0.0430058037703937,0.0294132864190624,0.131113309096681,0.0107931775239108
"Shoot apical meristem","Meristem",0.119804689647976,0.132080950509473,0.036602662846479,0.0144758042780426,0.0837067676635598,0.0360979219844164
"Shoot apical meristem","Parenchyma-cell",0.114813107181933,0.151658764076903,0.0470106928782268,0.0359531932065988,0.143408324607424,-0.0285952174254915
"Shoot apical meristem","Proliferating-cell",0.135057752856288,0.137801005924651,0.0447712770070011,0.0212144035773704,0.103113583296907,0.0319441695593815
"Shoot apical meristem","SAM-unknown",0.144018376396792,0.0984003599703699,0.0326642262266393,0.0154592485210226,0.0744924169402551,0.0695259594565366
"Shoot apical meristem","Vascular-cylinder",0.135453796324191,0.172022429195919,0.088681816185799,0.0199703555740249,0.1184994795144,0.0169543168097905
"Seed","Epidermis",0.0498588061108174,0.0431427017466707,0.00581536880548185,0.0142116004533289,0.04911983622222,0.000738969888597475
"Seed","Plumule",0.0681071862739598,0.0227231702774098,0.0112470170117354,0.00679883732642054,0.0255773503465292,0.0425298359274306
"Seed","Scutellum",0.0412232115687962,0.0235226464795027,0.00646351129970717,0.0148679560653781,0.0444403014390756,-0.0032170898702794
"Seed","Seed-unknown",0.0901484766833774,0.0382665512131131,0.0126570798311893,0.0140568887768785,0.048299679570611,0.0418487971127665
"Seed","Vascular-cylinder",0.0768306309740043,0.119280448154747,0.0119013914650679,0.0399992219390549,0.136813756447658,-0.0599831254736533
"Spikelet","Epidermis",0.162337074777808,0.306167712008405,0.00838169655926102,0.00594603374179382,0.115000465180158,0.0473366095976499
"Spikelet","Filament",0.265162571194781,0.236573850981612,0.045907417738981,0.0152295825286218,0.120957151052239,0.144205420142542
"Spikelet","Lodicule",0.099999793373822,0.109166307074504,0.0148774006808558,0.0162192033062544,0.0768646685219073,0.0231351248519147
"Spikelet","Ovary-wall",0.141845079553552,0.106297542180708,0.0207786782010842,0.0131072421609255,0.0694314026887095,0.0724136768648428
"Spikelet","Ovule",0.11048115819612,0.128227181431155,0.0244363984144087,0.0174094194663516,0.0874926084670886,0.0229885497290318
"Spikelet","Pollen-mother-cell",0.123877818187158,0.144557619475041,0.0120154335559964,0.0248533740106538,0.108625611196377,0.0152522069907804
"Spikelet","SP-unknown",0.138091047006808,0.181693081319228,0.0478350731664258,0.0248662554525653,0.126637656491471,0.0114533905153373
"Spikelet","Stigmata",0.209358444514819,0.165140177015501,0.0352515858489527,0.0135786934552455,0.0920507152678315,0.117307729246987
"Spikelet","Tapetum",0.225494207319097,0.257563466604917,0.0322700203103398,0.00404987381283546,0.0986334268352187,0.126860780483878
"Spikelet","Vascular-cylinder",0.0917226660729455,0.0787710539082605,0.00579689448696882,0.00568061783810608,0.0401680704097083,0.0515545956632372
"Stem","Cortex",0.13135364584752,0.289019307588134,0.139935293758651,0.0132023937873197,0.148675722741886,-0.0173220768943665
"Stem","Epidermis",0.143682176155239,0.207278376072229,0.132880052846277,0.0149100871103073,0.125095400862429,0.0185867752928105
"Stem","Parenchyma-cell",0.11668968826579,0.0980735795816599,0.030181329267351,0.0188272975911996,0.0820709904269503,0.0346186978388395
"Stem","Procambium",0.0849569363978066,0.117551302035767,0.029770214482578,0.0113810934712546,0.0704225365027633,0.0145343998950434
"Stem","ST-unknown",0.0841884276916269,0.0725106262013438,0.0245285844100727,0.0109244504395529,0.0538455211996095,0.0303429064920174
"Stem","Vascular-cylinder",0.137905495294353,0.187066358073327,0.0443744817709968,0.0222544982352225,0.121529362635768,0.0163761326585847
