"panel","rho","p_value","reg_class","clean_panel","significance"
"ATH-aux-reg-IR8-ARF5-2-down",-0.314449408985134,0.154082479643334,"reg","IR8-ARF5-2-down","not significant"
"ATH-aux-reg-IR8-TGTCNN-up",-0.249859800653052,0.262100349865193,"reg","IR8-TGTCNN-up","not significant"
"ATH-aux-reg-IR8-ARF1-down",-0.23229595979082,0.298209143209443,"reg","IR8-ARF1-down","not significant"
"ATH-aux-reg-IR8-ARF5-2-up",-0.152408812643245,0.498339069517598,"reg","IR8-ARF5-2-up","not significant"
"ATH-aux-reg-DR5-ARF1-down",-0.15070908610819,0.503198414340617,"reg","DR5-ARF1-down","not significant"
"ATH-aux-cis-IR8-ARF2",-0.0968844124981224,0.667985974071621,"cis","IR8-ARF2","not significant"
"ATH-aux-cis-IR8-ARF6",-0.0787539961242047,0.72756326509932,"cis","IR8-ARF6","not significant"
"ATH-aux-reg-DR5-TGTCNN-down",-0.0645896083320816,0.775210345946177,"reg","DR5-TGTCNN-down","not significant"
"ATH-aux-reg-DR5-ARF5-2-up",-0.0555244001451228,0.806131645026651,"reg","DR5-ARF5-2-up","not significant"
"ATH-aux-reg-IR8-ARF2-up",-0.0509917960516433,0.821700894166428,"reg","IR8-ARF2-up","not significant"
"ATH-aux-reg-IR8-TGTCNN-down",-0.0475923429815338,0.833420840467989,"reg","IR8-TGTCNN-down","not significant"
"ATH-aux-reg-IR8-ARF5-1-up",-0.0328613796777257,0.884572616993457,"reg","IR8-ARF5-1-up","not significant"
"ATH-aux-reg-IR8-ARF6-down",0.00793205716358896,0.972053173464361,"reg","IR8-ARF6-down","not significant"
"ATH-aux-reg-IR8-ARF3-up",0.0464591919581639,0.837335218581867,"reg","IR8-ARF3-up","not significant"
"ATH-aux-reg-IR8-ARF8-up",0.0521249470750132,0.817802264691988,"reg","IR8-ARF8-up","not significant"
"ATH-aux-cis-IR8-ARF5-2",0.053258098098383,0.813907789226621,"cis","IR8-ARF5-2","not significant"
"ATH-aux-reg-DR5-ARF8-up",0.0555244001451228,0.806131645026651,"reg","DR5-ARF8-up","not significant"
"ATH-aux-reg-DR5-ARF5-1-up",0.068555636913876,0.761782127713219,"reg","DR5-ARF5-1-up","not significant"
"ATH-aux-reg-DR5-ARF6-up",0.0866860532877937,0.701287289790401,"reg","DR5-ARF6-up","not significant"
"ATH-aux-reg-IR8-ARF3-down",0.109349073755191,0.62809420488155,"reg","IR8-ARF3-down","not significant"
"ATH-aux-cis-IR8-ARF8",0.110482224778561,0.624514836888898,"cis","IR8-ARF8","not significant"
"random1",0.11841428194215,0.599691350314781,"other","random1","not significant"
"ATH-aux-cis-DR5-ARF1",0.120114008477204,0.59442619277318,"cis","DR5-ARF1","not significant"
"random2",0.122380310523944,0.587436501221714,"other","random2","not significant"
"ATH-aux-reg-DR5-ARF3-up",0.123513461547314,0.583954875367991,"reg","DR5-ARF3-up","not significant"
"ATH-aux-trans-ConjugationDeconjugation",0.126912914617423,0.573563615617876,"trans","ConjugationDeconjugation","not significant"
"ATH-aux-reg-IR8-ARF1-up",0.145043330991341,0.519561276727039,"reg","IR8-ARF1-up","not significant"
"ATH-aux-reg-IR8-ARF6-up",0.15070908610819,0.503198414340617,"reg","IR8-ARF6-up","not significant"
"ATH-aux-reg-IR8-ARF8-down",0.153541963666615,0.495112353362882,"reg","IR8-ARF8-down","not significant"
"ATH-aux-cis-IR8-ARF5-1",0.155808265713355,0.488689965562638,"cis","IR8-ARF5-1","not significant"
"ATH-aux-reg-DR5-ARF2-up",0.15637484122504,0.487090869972021,"reg","DR5-ARF2-up","not significant"
"ATH-aux-cis-IR8-ARF3",0.159774294295149,0.47755134429359,"cis","IR8-ARF3","not significant"
"ATH-aux-cis-IR8-ARF1",0.183570465785916,0.41350224386831,"cis","IR8-ARF1","not significant"
"ATH-aux-reg-IR8-ARF2-down",0.194901976019615,0.384744088432664,"reg","IR8-ARF2-down","not significant"
"ATH-aux-cis-DR5-ARF2",0.210199514835108,0.347771203970751,"cis","DR5-ARF2","not significant"
"ATH-aux-cis-DR5-ARF8",0.210766090346793,0.346443294807293,"cis","DR5-ARF8","not significant"
"ATH-aux-cis-DR5-ARF5-2",0.26572391498023,0.231993376362967,"cis","DR5-ARF5-2","not significant"
"ATH-aux-cis-DR5-ARF6",0.26799021702697,0.227885727847922,"cis","DR5-ARF6","not significant"
"majortrend",0.269689943562025,0.224836560047423,"other","majortrend","not significant"
"ATH-aux-cis-IR8-TGTCNN",0.27025651907371,0.223826175650164,"cis","IR8-TGTCNN","not significant"
"ATH-aux-reg-DR5-ARF5-1-down",0.281021453795723,0.205196787715751,"reg","DR5-ARF5-1-down","not significant"
"ATH-aux-cis-DR5-ARF5-1",0.289520086470997,0.191245511072671,"cis","DR5-ARF5-1","not significant"
"ATH-aux-reg-DR5-ARF6-down",0.301418172216381,0.172817588344445,"reg","DR5-ARF6-down","not significant"
"ATH-aux-cis-DR5-TGTCNN",0.313882833473449,0.15486610654127,"cis","DR5-TGTCNN","not significant"
"ATH-aux-reg-DR5-ARF3-down",0.327480645753887,0.136819447993821,"reg","DR5-ARF3-down","not significant"
"ATH-aux-trans-Receptors",0.346744213151175,0.113890777683139,"trans","Receptors","not significant"
"ATH-aux-cis-DR5-ARF3",0.367140931571832,0.092799769325258,"cis","DR5-ARF3","not significant"
"ATH-aux-reg-DR5-TGTCNN-up",0.368274082595202,0.0917195337861873,"reg","DR5-TGTCNN-up","not significant"
"ATH-aux-reg-IR8-ARF5-1-down",0.409067519436517,0.0587080500350204,"reg","IR8-ARF5-1-down","not significant"
"ATH-aux-reg-DR5-ARF5-2-down",0.419265878646845,0.0520992068817651,"reg","DR5-ARF5-2-down","not significant"
"ATH-aux-cis-DR5-TGTCGG",0.454960135882996,0.0333812520342343,"cis","DR5-TGTCGG","not significant"
"random3",0.477056580838708,0.0247695899608413,"other","random3","not significant"
"ATH-aux-reg-DR5-ARF2-down",0.516150291144968,0.0139283833949019,"reg","DR5-ARF2-down","significant"
"ATH-aux-reg-DR5-ARF8-down",0.543912491217529,0.00887904635671706,"reg","DR5-ARF8-down","significant"
"ATH-aux-trans-A-ARF",0.574507568848515,0.00516639548122459,"trans","A-ARF","significant"
"ATH-aux-trans-ARF",0.595470862780857,0.00345696914974596,"trans","ARF","significant"
"ATH-aux-reg-DR5-ARF1-up",0.720684050863226,0.000154682337890292,"reg","DR5-ARF1-up","significant"
"ATH-aux-trans-Synthesis",0.721250626374911,0.000151971278622272,"trans","Synthesis","significant"
"ATH-aux-trans-IAA",0.805670377615965,6.04619475925288e-06,"trans","IAA","significant"
"ATH-aux-trans-PolarAuxinTransport",0.820967916431458,2.85029454890077e-06,"trans","PAT","significant"
"ATH-aux-trans-Transport",0.827766822571677,1.99430032675954e-06,"trans","Transport","significant"
