"Organ","Tissue_Cleaned","ARF","Synthesis","PAT","Old_IAA","Conjugation","n_cells","ARF_hat","residual"
"Bud","Bud-unknown",0.116578064560296,0.0175418100452387,0.0252423182357108,0.101764778586856,0.0636881745668915,587,0.102251035933548,0.014327028626748
"Bud","Bud_axis",0.18956225487392,0.0327520888530538,0.0393282777374352,0.115426814056234,0.0522081472937058,171,0.134521954072637,0.0550403008012824
"Bud","Bud_primordium",0.140676081354653,0.00987510583027963,0.0579102715450979,0.145235148698217,0.0816411792337467,903,0.117513332497599,0.0231627488570538
"Bud","Epidermis",0.175317497096404,0.029975103252014,0.0498541628698081,0.138537785642705,0.0574542666698011,1332,0.138345181468193,0.0369723156282112
"Bud","Parenchyma_cell",0.133100228911197,0.0199397182255796,0.0305870383899664,0.136853368666063,0.0568842546096276,3751,0.105170959743353,0.0279292691678439
"Bud","Root_meristem",0.147053743609407,0.0288732057317396,0.0316730382425915,0.119968231312388,0.0584517299552542,1457,0.126629792550013,0.0204239510593935
"Bud","Shoot_apical_meristem",0.149685762128033,0.0299660476258375,0.0304711139295332,0.138294127486374,0.0561089879885984,304,0.126537015391502,0.0231487467365313
"Bud","Vascular_cylinder",0.15239083916069,0.0137451324207251,0.0847007108427729,0.161849790236584,0.0617085784604512,353,0.125301396311517,0.0270894428491727
"Flag leaf","Epidermis",0.091093861877562,0.0112627289319221,0.00803923890325562,0.0897762150694891,0.10727435323813,632,0.112943521001128,-0.0218496591235665
"Flag leaf","Fiber",0.112985222407486,0.00889689043455994,0.00562264537732752,0.0495732942824424,0.0707936342987982,245,0.0779287893017435,0.0350564331057427
"Flag leaf","Guard_cell",0.0849251655873555,0.0125714426143489,0.0164061949926505,0.0506975851696438,0.107422317860894,485,0.120570526434783,-0.0356453608474271
"Flag leaf","Mesophyll",0.0680006671350782,0.00801165798458477,0.00343731994088882,0.0611159815970176,0.0745260308127111,2582,0.0776860620991646,-0.00968539496408637
"Flag leaf","Vascular_cylinder",0.102758770011861,0.0143262577592772,0.11177607929801,0.163852158378969,0.111681063102391,450,0.180586163112337,-0.0778273931004761
"Root","Cortex",0.154059314150419,0.0280844438768842,0.0720171896261811,0.45508953850525,0.0379814427395699,2733,0.131267976576502,0.0227913375739169
"Root","Endodermis",0.24774969447257,0.0423071538121933,0.115709752295502,0.518236275655071,0.0501661264992005,1378,0.196242820493323,0.0515068739792474
"Root","Epidermis",0.128241085762913,0.0210277456391473,0.0773055137058325,0.352015532233697,0.0450952432593279,8489,0.12424172798768,0.00399935777523302
"Root","Exodermis",0.138707857737657,0.0212572321262735,0.0688940328293576,0.315083819040055,0.0423791783642187,2902,0.117966019108323,0.0207418386293337
"Root","Meristem",0.144911595017449,0.0224532990343124,0.0786539488871701,0.325626257596045,0.0414969498398579,3770,0.125312993976558,0.0195986010408914
"Root","Root_cap",0.133562581275868,0.0152417058546351,0.187776684954578,0.238914046544891,0.0388166520365959,903,0.167825148354448,-0.0342625670785797
"Root","Sclerenchyma",0.132657127254598,0.0184564696572928,0.0686338191051771,0.287252252268495,0.0416174643358065,2348,0.111071879826195,0.0215852474284027
"Root","Vascular_cylinder",0.198405572254935,0.0649040334316414,0.139955764058503,0.460598081984019,0.0707261699725455,3577,0.275386427441682,-0.0769808551867474
"Root","epidermis_near_root_hair",0.130283164539435,0.0274822875640759,0.0579860204492758,0.452465405787518,0.0484180867663836,5008,0.130318071415353,-3.49068759176647e-05
"Shoot apical meristem","Epidermis",0.0917263158639623,0.0252508795630755,0.0217114520558901,0.127196205656401,0.0260674948630305,712,0.0878713659279471,0.0038549499360152
"Shoot apical meristem","Guard_cell",0.141906486620592,0.0294132864190624,0.0430058037703937,0.164263181442299,0.04663717879206,932,0.12487278476131,0.0170337018592818
"Shoot apical meristem","Meristem",0.119804689647976,0.0144758042780426,0.036602662846479,0.132080950509473,0.0349877751651905,2995,0.0794031150961943,0.0404015745517818
"Shoot apical meristem","Parenchyma_cell",0.114813107181933,0.0359531932065988,0.0470106928782268,0.151658764076903,0.0275955846792569,4146,0.126600974783717,-0.0117878676017843
"Shoot apical meristem","Proliferating_cell",0.135057752856288,0.0212144035773704,0.0447712770070011,0.137801005924651,0.0303804612317343,457,0.0951418991017559,0.0399158537545323
"Shoot apical meristem","SAM-unknown",0.144018376396792,0.0154592485210226,0.0326642262266393,0.09840035997037,0.0292504066298355,2274,0.0749040838636197,0.0691142925331718
"Shoot apical meristem","Vascular_cylinder",0.135453796324191,0.0199703555740249,0.0886818161857989,0.172022429195919,0.0499203149013783,2275,0.131986673588599,0.00346712273559141
"Spikelet","Epidermis",0.162337074777807,0.00594603374179382,0.00838169655926102,0.306167712008405,0.111764806119849,1760,0.104953627556431,0.0573834472213763
"Spikelet","Filament",0.265162571194781,0.0152295825286218,0.045907417738981,0.236573850981612,0.0672087515048135,1360,0.111365848329514,0.153796722865267
"Spikelet","Lodicule",0.099999793373822,0.0162192033062544,0.0148774006808558,0.109166307074503,0.070015990922152,2246,0.0985415477476867,0.00145824562613529
"Spikelet","Ovary_wall",0.141845079553552,0.0131072421609255,0.0207786782010842,0.106297542180708,0.0729499339099199,530,0.0972617034066218,0.0445833761469305
"Spikelet","Ovule",0.110481158196121,0.0174094194663516,0.0244363984144087,0.128227181431155,0.0676961807031252,3427,0.104642197081695,0.00583896111442568
"Spikelet","Pollen_mother_cell",0.123877818187158,0.0248533740106538,0.0120154335559964,0.144557619475041,0.077314578480228,2665,0.121629028525334,0.00224878966182358
"Spikelet","SP-unknown",0.138091047006808,0.0248662554525652,0.0478350731664258,0.181693081319228,0.0973005296925154,813,0.157102111409954,-0.019011064403145
"Spikelet","Stigmata",0.209358444514819,0.0135786934552455,0.0352515858489527,0.165140177015501,0.0760107680201654,1059,0.108705040014172,0.100653404500647
"Spikelet","Tapetum",0.225494207319097,0.00404987381283546,0.0322700203103397,0.257563466604918,0.227500098236481,2671,0.204361956687215,0.021132250631882
"Spikelet","Vascular_cylinder",0.0917226660729454,0.00568061783810608,0.00579689448696882,0.0787710539082604,0.0624985561334439,926,0.0644816981696583,0.0272409679032871
"Stem","Cortex",0.13135364584752,0.0132023937873197,0.13993529375865,0.289019307588134,0.058375051016873,1187,0.152106284381102,-0.0207526385335823
"Stem","Epidermis",0.143682176155239,0.0149100871103073,0.132880052846277,0.207278376072229,0.119871940686737,1982,0.199954521340831,-0.056272345185592
"Stem","Parenchyma_cell",0.11668968826579,0.0188272975911996,0.030181329267351,0.0980735795816597,0.0360203760299626,4162,0.086215276950034,0.0304744113157557
"Stem","Procambium",0.0849569363978066,0.0113810934712546,0.029770214482578,0.117551302035767,0.0529964351458612,5165,0.082873874679858,0.0020830617179486
"Stem","ST-unknown",0.0841884276916268,0.0109244504395529,0.0245285844100727,0.0725106262013438,0.0456762505662925,749,0.073252388191809,0.0109360394998179
"Stem","Vascular_cylinder",0.137905495294352,0.0222544982352224,0.0443744817709967,0.187066358073328,0.0564403080137883,6495,0.117549951393345,0.020355543901007
"Seed","Epidermis",0.0498588061108174,0.0142116004533289,0.00581536880548185,0.0431427017466707,0.069000568359974,968,0.0883163561544184,-0.038457550043601
"Seed","Plumule",0.0681071862739598,0.00679883732642055,0.0112470170117354,0.0227231702774098,0.0247983745392751,1373,0.0405303225515774,0.0275768637223824
"Seed","Scutellum",0.0412232115687961,0.0148679560653781,0.00646351129970717,0.0235226464795027,0.0271577792837016,2479,0.0574559628985332,-0.0162327513297371
"Seed","Seed-unknown",0.0901484766833775,0.0140568887768785,0.0126570798311893,0.0382665512131131,0.0309037374870933,1133,0.0620287030453283,0.0281197736380492
"Seed","Vascular_cylinder",0.0768306309740043,0.0399992219390548,0.0119013914650679,0.119280448154747,0.123166085081977,323,0.190643880361846,-0.113813249387842
"Leaf","Epidermis",0.0810491848620779,0.012786404768933,0.01750844245445,0.110622574402783,0.073914508226999,1097,0.0954978139902836,-0.0144486291282057
"Leaf","Fiber",0.079678507028908,0.00954653370025226,0.0101566510999697,0.0631279219211442,0.0559794835047206,280,0.0703046282246717,0.00937387880423631
"Leaf","Guard_cell",0.0714858510446427,0.0186850561771281,0.0260894771539017,0.0767342012562307,0.0681724781801618,2293,0.108733330401106,-0.0372474793564628
"Leaf","Mesophyll",0.0620502080700289,0.00921560214989489,0.0119364316072249,0.0721115969560249,0.0782672672704257,9448,0.0879608877108447,-0.0259106796408158
"Leaf","Parenchyma_cell",0.0806570939462181,0.037326856871568,0.00482155573365058,0.0724296529041187,0.0914576334049471,210,0.156097228079605,-0.075440134133387
"Leaf","Vascular_cylinder",0.0933806998318935,0.0241558181479865,0.0533446616455831,0.1469127634036,0.091849652763107,443,0.154338150998509,-0.0609574511666152
