iSensor,id__bulk-limma-results,effect__bulk-limma-results,AveExpr__bulk-limma-results,t__bulk-limma-results,p_value__bulk-limma-results,p_adj__bulk-limma-results,B__bulk-limma-results,neglog10_fdr__bulk-limma-results,iSensor_raw.x,id__iSensors_spearman_sc-endo,rho.rho__iSensors_spearman_sc-endo,p_value__iSensors_spearman_sc-endo,assay__iSensors_spearman_sc-endo,clean_panel__iSensors_spearman_sc-endo,significance__iSensors_spearman_sc-endo,reg_class__iSensors_spearman_sc-endo,iSensor_raw.y,Rho1__PerformanseTest1_stat,p-value__PerformanseTest1_stat,iSensor_raw.x.x,id__Statistics-exo-scdata,estimate__Statistics-exo-scdata,std.error__Statistics-exo-scdata,statistic__Statistics-exo-scdata,p.value__Statistics-exo-scdata,p_adj__Statistics-exo-scdata,effect__Statistics-exo-scdata,lo__Statistics-exo-scdata,hi__Statistics-exo-scdata,term__Statistics-exo-scdata,class__Statistics-exo-scdata,iSensor_raw.y.y,id__Statistics-rho-exo-scdata,rho__Statistics-rho-exo-scdata,p_value__Statistics-rho-exo-scdata,p_adj__Statistics-rho-exo-scdata,iSensor_raw
A-ARF,23,0.0378353718349665,1.13590431591635,17.8100735002549,1.36704862187361e-34,3.56621379619202e-34,66.4964770114387,33.447792624222,AT-aux-trans-A-ARF,61,0.567979451,0.001616978,iSensor_mean_normed,A-ARF,significant,trans,AT-aux-trans-A-ARF,0.806304948,1.16e-10,AT-aux-trans-A-ARF,43,0.246740588,0.060778794,4.059649294,0.006653138,0.010366518,0.246740588,0.127614152,0.365867024,conditionAuxin,Up,AT-aux-trans-A-ARF,56,0.856215520859916,0.00665313816956534,0.0103665176130437,AT-aux-trans-A-ARF
ARF,28,0.0298538012231595,0.99065094964127,16.8695898575298,1.19320147786743e-32,2.55686030971591e-32,62.0029868203057,31.5922929983627,AT-aux-trans-ARF,59,0.513049137,0.005239864,iSensor_mean_normed,ARF,significant,trans,AT-aux-trans-ARF,0.842210105,2.74e-12,AT-aux-trans-ARF,28,0.298387128,0.053240225,5.604542981,0.001375108,0.003176973,0.298387128,0.194036288,0.402737969,conditionAuxin,Up,AT-aux-trans-ARF,57,0.916307231920387,0.00137510788170527,0.0031769733818708,AT-aux-trans-ARF
ConjugationDeconjugation,12,0.0651379194786541,1.1985359557005,27.8175178112058,2.23688170038151e-52,1.11844085019076e-51,107.721378410215,50.9513869790372,AT-aux-trans-ConjugationDeconjugation,NA,NA,NA,NA,NA,NA,NA,NA,0.730852081,3.9e-8,AT-aux-trans-ConjugationDeconjugation,59,0.112913601,0.079467471,1.42087824,0.205175035,0.232995379,0.112913601,-0.042842643,0.268669844,conditionAuxin,n.s.,AT-aux-trans-ConjugationDeconjugation,58,0.501764117721903,0.205175035203327,0.23299537895971,AT-aux-trans-ConjugationDeconjugation
DR5-ARF1,42,0.00320840165378778,1.04784720993888,9.15027438336022,2.8216801851547e-15,4.03097169307815e-15,21.9022401891567,14.3945902516071,AT-aux-cis-DR5-ARF1,27,0.093656186,0.635477419,iSensor_mean_normed,DR5-ARF1,not significant,cis,AT-aux-cis-DR5-ARF1,0.234944617,0.134206419,AT-aux-cis-DR5-ARF1,49,-0.036443598,0.011109608,-3.280367604,0.016814854,0.02299174,-0.036443598,-0.05821843,-0.014668766,conditionAuxin,Down,AT-aux-cis-DR5-ARF1,1,-0.801262821241142,0.0168148544135534,0.0229917397083281,AT-aux-cis-DR5-ARF1
DR5-ARF1-down,49,-0.0198569305628164,1.14731476845197,-6.93780209487661,2.63834690557619e-10,3.20643223092035e-10,10.5263027976585,9.49397793461727,AT-aux-cistrans-DR5-ARF1-down,7,-0.101621082,0.60686935,iSensor_mean_normed,DR5-ARF1-down,not significant,reg,AT-aux-cistrans-DR5-ARF1-down,-0.607525671,1.99e-5,AT-aux-cistrans-DR5-ARF1-down,35,-0.206560991,0.043008229,-4.802824854,0.002992091,0.005727717,-0.206560991,-0.29085712,-0.122264862,conditionAuxin,Down,AT-aux-cistrans-DR5-ARF1-down,20,-0.890831772976002,0.00299209115936524,0.00572771736221347,AT-aux-cistrans-DR5-ARF1-down
DR5-ARF1-up,11,0.0613870290827507,1.10046016828068,27.8175292490498,2.2367908984286e-52,1.11844085019076e-51,107.721419299721,50.9513869790372,AT-aux-cistrans-DR5-ARF1-up,60,0.535845217,0.003293933,iSensor_mean_normed,DR5-ARF1-up,significant,reg,AT-aux-cistrans-DR5-ARF1-up,0.782888541,9e-10,AT-aux-cistrans-DR5-ARF1-up,45,0.184218206,0.049095965,3.752206614,0.009485096,0.014122254,0.184218206,0.087990114,0.280446298,conditionAuxin,Up,AT-aux-cistrans-DR5-ARF1-up,21,0.837365600182366,0.00948509613646611,0.0141222542476273,AT-aux-cistrans-DR5-ARF1-up
DR5-ARF2,55,6.99923109166319e-4,1.02747159588676,3.52859640956203,6.05203115230014e-4,6.60221580250925e-4,-3.74104037145849,3.1803102842609,AT-aux-cis-DR5-ARF2,38,0.169734672,0.387866357,iSensor_mean_normed,DR5-ARF2,not significant,cis,AT-aux-cis-DR5-ARF2,-0.080916695,0.61046409,AT-aux-cis-DR5-ARF2,14,-0.095238156,0.011784261,-8.081809628,1.92288e-4,9.20234e-4,-0.095238156,-0.118335308,-0.072141004,conditionAuxin,Down,AT-aux-cis-DR5-ARF2,2,-0.957009399340976,1.9228760220741e-4,9.2023352484978e-4,AT-aux-cis-DR5-ARF2
DR5-ARF2-down,39,-0.0256162294079369,1.13675725405784,-11.2343135676724,4.05359559996763e-20,6.23630092302712e-20,33.0462086247929,19.205072936771,AT-aux-cistrans-DR5-ARF2-down,56,0.405660372,0.032214356,iSensor_mean_normed,DR5-ARF2-down,not significant,reg,AT-aux-cistrans-DR5-ARF2-down,-0.520624782,4.08458e-4,AT-aux-cistrans-DR5-ARF2-down,12,-0.470918549,0.0561817,-8.382063066,1.56921e-4,8.26777e-4,-0.470918549,-0.58103468,-0.360802418,conditionAuxin,Down,AT-aux-cistrans-DR5-ARF2-down,22,-0.959854542510986,1.5692074685806e-4,8.2677672504821e-4,AT-aux-cistrans-DR5-ARF2-down
DR5-ARF2-up,22,0.0431131952585968,1.09921758244476,18.0735695720804,3.98747747451407e-35,1.08749385668566e-34,67.7355240089507,33.9635731877205,AT-aux-cistrans-DR5-ARF2-up,49,0.249383627,0.200621061,iSensor_mean_normed,DR5-ARF2-up,not significant,reg,AT-aux-cistrans-DR5-ARF2-up,0.803703125,1.48e-10,AT-aux-cistrans-DR5-ARF2-up,55,0.095751172,0.040744568,2.350035251,0.057055693,0.069504208,0.095751172,0.015891818,0.175610526,conditionAuxin,n.s.,AT-aux-cistrans-DR5-ARF2-up,23,0.692305682150823,0.05705569304899,0.0695042078960424,AT-aux-cistrans-DR5-ARF2-up
DR5-ARF3,34,0.00522604286763637,1.01813424996924,14.1045416931696,1.13236927231014e-26,1.99829871584142e-26,48.1763582426998,25.6993395907123,AT-aux-cis-DR5-ARF3,51,0.27245436,0.160717249,iSensor_mean_normed,DR5-ARF3,not significant,cis,AT-aux-cis-DR5-ARF3,0.820875157,2.8e-11,AT-aux-cis-DR5-ARF3,52,-0.029901037,0.012030358,-2.485465137,0.047452731,0.061141019,-0.029901037,-0.053480539,-0.006321534,conditionAuxin,n.s.,AT-aux-cis-DR5-ARF3,3,-0.712242603370861,0.0474527313952645,0.0611410192977446,AT-aux-cis-DR5-ARF3
DR5-ARF3-down,37,-0.0360016280516394,1.1738364759587,-11.6570692022216,4.24129634383154e-21,6.87777785486197e-21,35.306602955902,20.1625518555518,AT-aux-cistrans-DR5-ARF3-down,52,0.274651572,0.157235661,iSensor_mean_normed,DR5-ARF3-down,not significant,reg,AT-aux-cistrans-DR5-ARF3-down,-0.690263642,4.24e-7,AT-aux-cistrans-DR5-ARF3-down,38,-0.425679879,0.097282468,-4.375710133,0.004689931,0.00826909,-0.425679879,-0.616353516,-0.235006243,conditionAuxin,Down,AT-aux-cistrans-DR5-ARF3-down,24,-0.87258319067849,0.00468993139256477,0.00826908956057472,AT-aux-cistrans-DR5-ARF3-down
DR5-ARF3-up,2,0.0902538843737433,1.153108668418,43.1797428783187,4.51948323015519e-72,1.35584496904656e-70,153.412458851149,69.867789966027,AT-aux-cistrans-DR5-ARF3-up,44,0.196650526,0.315874327,iSensor_mean_normed,DR5-ARF3-up,not significant,reg,AT-aux-cistrans-DR5-ARF3-up,0.809427136,8.65e-11,AT-aux-cistrans-DR5-ARF3-up,15,0.696977411,0.087425929,7.972204792,2.07431e-4,9.26526e-4,0.696977411,0.52562259,0.868332232,conditionAuxin,Up,AT-aux-cistrans-DR5-ARF3-up,25,0.955896768188333,2.0743115267e-4,9.2652581525934e-4,AT-aux-cistrans-DR5-ARF3-up
DR5-ARF5-1,56,5.47293588506683e-4,1.01679431409971,3.18821760183925,0.0018521437054885,0.00198443968445197,-4.78936790328215,2.70236209660956,AT-aux-cis-DR5-ARF5-1,48,0.244439899,0.209985685,iSensor_mean_normed,DR5-ARF5-1,not significant,cis,AT-aux-cis-DR5-ARF5-1,0.57578343,6.62e-5,AT-aux-cis-DR5-ARF5-1,21,-0.076988293,0.011664484,-6.600231155,5.81574e-4,0.001855497,-0.076988293,-0.099850682,-0.054125904,conditionAuxin,Down,AT-aux-cis-DR5-ARF5-1,4,-0.937519108056596,5.8157375116537e-4,0.00185549720609906,AT-aux-cis-DR5-ARF5-1
DR5-ARF5-1-down,41,-0.0218362468098487,1.15208109459366,-10.0864723697619,1.8998663429924e-17,2.78029220925717e-17,26.8947828159159,16.5559095572478,AT-aux-cistrans-DR5-ARF5-1-down,35,0.161220473,0.41245228,iSensor_mean_normed,DR5-ARF5-1-down,not significant,reg,AT-aux-cistrans-DR5-ARF5-1-down,-0.267727587,0.086499324,AT-aux-cistrans-DR5-ARF5-1-down,2,-0.383030654,0.034682133,-11.04403391,3.27914e-5,6.56441e-4,-0.383030654,-0.451007635,-0.315053673,conditionAuxin,Down,AT-aux-cistrans-DR5-ARF5-1-down,26,-0.976275710069463,3.279139815524e-5,6.5644139198874e-4,AT-aux-cistrans-DR5-ARF5-1-down
DR5-ARF5-1-up,15,0.0498843732223884,1.06959086632182,25.871058007856,2.69429150099075e-49,1.0777166003963e-48,100.576476772784,47.9674954275215,AT-aux-cistrans-DR5-ARF5-1-up,31,0.143917424,0.465001542,iSensor_mean_normed,DR5-ARF5-1-up,not significant,reg,AT-aux-cistrans-DR5-ARF5-1-up,0.779766353,1.16e-9,AT-aux-cistrans-DR5-ARF5-1-up,19,0.242779606,0.034010158,7.138443925,3.80719e-4,0.00130444,0.242779606,0.176119696,0.309439516,conditionAuxin,Up,AT-aux-cistrans-DR5-ARF5-1-up,27,0.945863668294236,3.8071863389018e-4,0.00130444028020834,AT-aux-cistrans-DR5-ARF5-1-up
DR5-ARF5-2,53,0.00140299683100698,1.03490288968978,4.17386998249321,5.90953359847701e-5,6.69003803601171e-5,-1.5264555047714,4.17457141305683,AT-aux-cis-DR5-ARF5-2,45,0.212305665,0.278089544,iSensor_mean_normed,DR5-ARF5-2,not significant,cis,AT-aux-cis-DR5-ARF5-2,-0.188632168,0.231556199,AT-aux-cis-DR5-ARF5-2,24,-0.070763235,0.011312076,-6.25554784,7.74092e-4,0.002161006,-0.070763235,-0.092934904,-0.048591565,conditionAuxin,Down,AT-aux-cis-DR5-ARF5-2,5,-0.931158566941108,7.7409175963599e-4,0.00216100616231715,AT-aux-cis-DR5-ARF5-2
DR5-ARF5-2-down,50,-0.0232232127818718,1.11972591112649,-6.93524507396554,2.67202685910029e-10,3.20643223092035e-10,10.5137534198104,9.49397793461727,AT-aux-cistrans-DR5-ARF5-2-down,55,0.386434762,0.042227159,iSensor_mean_normed,DR5-ARF5-2-down,not significant,reg,AT-aux-cistrans-DR5-ARF5-2-down,-0.470669781,0.001657118,AT-aux-cistrans-DR5-ARF5-2-down,58,-0.054814608,0.028900831,-1.896644692,0.106664894,0.123216343,-0.054814608,-0.111460237,0.001831021,conditionAuxin,n.s.,AT-aux-cistrans-DR5-ARF5-2-down,28,-0.612226783648943,0.106664893832972,0.123216342876019,AT-aux-cistrans-DR5-ARF5-2-down
DR5-ARF5-2-up,13,0.0666989078421055,1.07704426921645,26.6428373582645,1.54628388276776e-50,7.13669484354349e-50,103.454785799567,49.1465028727539,AT-aux-cistrans-DR5-ARF5-2-up,11,-0.046965419,0.812410183,iSensor_mean_normed,DR5-ARF5-2-up,not significant,reg,AT-aux-cistrans-DR5-ARF5-2-up,0.779245989,1.21e-9,AT-aux-cistrans-DR5-ARF5-2-up,48,0.212402515,0.060983695,3.482939428,0.013095501,0.018536083,0.212402515,0.092874473,0.331930557,conditionAuxin,Up,AT-aux-cistrans-DR5-ARF5-2-up,29,0.817968604750546,0.0130955006245507,0.0185360830213745,AT-aux-cistrans-DR5-ARF5-2-up
DR5-ARF5syn,NA,NA,NA,NA,NA,NA,NA,NA,NA,18,0.018127004,0.927053022,iSensor_mean_normed,DR5-ARF5syn,not significant,cis,AT-aux-cis-DR5-ARF5syn,0.730331716,4.03e-8,AT-aux-cis-DR5-ARF5syn,27,-0.068702257,0.012074789,-5.689727328,0.001272038,0.003156538,-0.068702257,-0.092368844,-0.045035671,conditionAuxin,Down,AT-aux-cis-DR5-ARF5syn,6,-0.918498801005965,0.0012720377668598,0.00315653816220764,AT-aux-cis-DR5-ARF5syn
DR5-ARF5syn-down,NA,NA,NA,NA,NA,NA,NA,NA,NA,50,0.249658279,0.200109357,iSensor_mean_normed,DR5-ARF5syn-down,not significant,reg,AT-aux-cistrans-DR5-ARF5syn-down,-0.591914733,3.65e-5,AT-aux-cistrans-DR5-ARF5syn-down,17,-0.321066443,0.041940715,-7.655244827,2.5959e-4,0.001023092,-0.321066443,-0.403270244,-0.238862641,conditionAuxin,Down,AT-aux-cistrans-DR5-ARF5syn-down,30,-0.952430958276875,2.5959042905426e-4,0.00102309169097856,AT-aux-cistrans-DR5-ARF5syn-down
DR5-ARF5syn-up,NA,NA,NA,NA,NA,NA,NA,NA,NA,14,-0.004943728,0.980081162,iSensor_mean_normed,DR5-ARF5syn-up,not significant,reg,AT-aux-cistrans-DR5-ARF5syn-up,0.790173645,4.89e-10,AT-aux-cistrans-DR5-ARF5syn-up,54,0.115298842,0.047124283,2.446697009,0.050014592,0.062055142,0.115298842,0.022935248,0.207662437,conditionAuxin,n.s.,AT-aux-cistrans-DR5-ARF5syn-up,31,0.706703339834894,0.0500145917530113,0.0620551416194769,AT-aux-cistrans-DR5-ARF5syn-up
DR5-ARF6,43,0.00178365966823412,1.02415885875219,9.10734066830148,3.54490356079917e-15,4.83395940108978e-15,21.6746819828477,14.3156970014163,AT-aux-cis-DR5-ARF6,53,0.290581363,0.133590112,iSensor_mean_normed,DR5-ARF6,not significant,cis,AT-aux-cis-DR5-ARF6,0.711078226,1.31e-7,AT-aux-cis-DR5-ARF6,22,-0.087432228,0.013815058,-6.328762809,7.27739e-4,0.0021199360000000002,-0.087432228,-0.114509743,-0.060354714,conditionAuxin,Down,AT-aux-cis-DR5-ARF6,7,-0.932585654650786,7.2773936126723e-4,0.00211993640021324,AT-aux-cis-DR5-ARF6
DR5-ARF6-down,32,-0.0277151284583413,1.10763825839039,-14.3765701415562,2.81250719554157e-27,5.11364944643921e-27,49.574646635327,26.2912690472708,AT-aux-cistrans-DR5-ARF6-down,36,0.161220473,0.41245228,iSensor_mean_normed,DR5-ARF6-down,not significant,reg,AT-aux-cistrans-DR5-ARF6-down,-0.571100149,7.82e-5,AT-aux-cistrans-DR5-ARF6-down,3,-0.331675209,0.03295177,-10.06547463,5.58033e-5,6.56441e-4,-0.331675209,-0.396260679,-0.267089739,conditionAuxin,Down,AT-aux-cistrans-DR5-ARF6-down,32,-0.971642523332916,5.580331765736e-5,6.5644139198874e-4,AT-aux-cistrans-DR5-ARF6-down
DR5-ARF6-up,9,0.0545437399382065,1.13171346911376,29.6324185907155,4.15697475166944e-55,2.49418485100166e-54,114.055595755027,53.6030713628883,AT-aux-cistrans-DR5-ARF6-up,34,0.154354184,0.432896545,iSensor_mean_normed,DR5-ARF6-up,not significant,reg,AT-aux-cistrans-DR5-ARF6-up,0.797979114,2.48e-10,AT-aux-cistrans-DR5-ARF6-up,61,-0.049650565,0.045479783,-1.091706284,0.316848522,0.342400822,-0.049650565,-0.13879094,0.03948981,conditionAuxin,n.s.,AT-aux-cistrans-DR5-ARF6-up,33,-0.407086149806831,0.316848522225202,0.342400822404654,AT-aux-cistrans-DR5-ARF6-up
DR5-ARF8,44,0.00178365966823412,1.02415885875219,9.10734066830148,3.54490356079917e-15,4.83395940108978e-15,21.6746819828477,14.3156970014163,AT-aux-cis-DR5-ARF8,37,0.168636065,0.390990593,iSensor_mean_normed,DR5-ARF8,not significant,cis,AT-aux-cis-DR5-ARF8,0.711078226,1.31e-7,AT-aux-cis-DR5-ARF8,23,-0.087432228,0.013815058,-6.328762809,7.27739e-4,0.0021199360000000002,-0.087432228,-0.114509743,-0.060354714,conditionAuxin,Down,AT-aux-cis-DR5-ARF8,8,-0.932585654650786,7.2773936126723e-4,0.00211993640021324,AT-aux-cis-DR5-ARF8
DR5-ARF8-down,33,-0.0277151284583413,1.10763825839039,-14.3765701415562,2.81250719554157e-27,5.11364944643921e-27,49.574646635327,26.2912690472708,AT-aux-cistrans-DR5-ARF8-down,58,0.481464206,0.009486181,iSensor_mean_normed,DR5-ARF8-down,not significant,reg,AT-aux-cistrans-DR5-ARF8-down,-0.571100149,7.82e-5,AT-aux-cistrans-DR5-ARF8-down,4,-0.331675209,0.03295177,-10.06547463,5.58033e-5,6.56441e-4,-0.331675209,-0.396260679,-0.267089739,conditionAuxin,Down,AT-aux-cistrans-DR5-ARF8-down,34,-0.971642523332916,5.580331765736e-5,6.5644139198874e-4,AT-aux-cistrans-DR5-ARF8-down
DR5-ARF8-up,10,0.0545437399382065,1.13171346911376,29.6324185907155,4.15697475166944e-55,2.49418485100166e-54,114.055595755027,53.6030713628883,AT-aux-cistrans-DR5-ARF8-up,24,0.079374304,0.688055942,iSensor_mean_normed,DR5-ARF8-up,not significant,reg,AT-aux-cistrans-DR5-ARF8-up,0.797979114,2.48e-10,AT-aux-cistrans-DR5-ARF8-up,62,-0.049650565,0.045479783,-1.091706284,0.316848522,0.342400822,-0.049650565,-0.13879094,0.03948981,conditionAuxin,n.s.,AT-aux-cistrans-DR5-ARF8-up,35,-0.407086149806831,0.316848522225202,0.342400822404654,AT-aux-cistrans-DR5-ARF8-up
DR5-TGTCGG,27,0.020649592877503,0.988291059114682,17.1834671894944,2.65196567290965e-33,5.89325705091033e-33,63.514928313982,32.2296446155216,AT-aux-cis-DR5-TGTCGG,57,0.460041383,0.013770218,iSensor_mean_normed,DR5-TGTCGG,not significant,cis,AT-aux-cis-DR5-TGTCGG,0.697548747,2.84e-7,AT-aux-cis-DR5-TGTCGG,9,-0.177485201,0.020464908,-8.672660734,1.29661e-4,7.89753e-4,-0.177485201,-0.21759642,-0.137373982,conditionAuxin,Down,AT-aux-cis-DR5-TGTCGG,9,-0.962352358554281,1.296609681688e-4,7.8975316975546e-4,AT-aux-cis-DR5-TGTCGG
DR5-TGTCNN,19,0.00654841577507621,1.0181072291761,20.7997798546575,1.94017677035975e-40,6.12687401166236e-40,80.043047383973,39.2127610500748,AT-aux-cis-DR5-TGTCNN,46,0.21670009,0.268027824,iSensor_mean_normed,DR5-TGTCNN,not significant,cis,AT-aux-cis-DR5-TGTCNN,0.857821043,3.96e-13,AT-aux-cis-DR5-TGTCNN,8,-0.171888345,0.018434694,-9.324176728,8.61979e-5,7.21908e-4,-0.171888345,-0.208020345,-0.135756345,conditionAuxin,Down,AT-aux-cis-DR5-TGTCNN,10,-0.967182717732603,8.619791267075e-5,7.219075186176e-4,AT-aux-cis-DR5-TGTCNN
DR5-TGTCNN-down,38,-0.0238652582083629,1.18202921064464,-11.4407817276221,1.34479583587952e-20,2.12336184612556e-20,34.150922982365,19.6729759905797,AT-aux-cistrans-DR5-TGTCNN-down,4,-0.219171955,0.262472904,iSensor_mean_normed,DR5-TGTCNN-down,not significant,reg,AT-aux-cistrans-DR5-TGTCNN-down,-0.545081919,1.89499e-4,AT-aux-cistrans-DR5-TGTCNN-down,1,-0.564164801,0.049074924,-11.49598933,2.60244e-5,6.56441e-4,-0.564164801,-0.660351652,-0.467977951,conditionAuxin,Down,AT-aux-cistrans-DR5-TGTCNN-down,36,-0.97804467667129,2.602439289473e-5,6.5644139198874e-4,AT-aux-cistrans-DR5-TGTCNN-down
DR5-TGTCNN-up,7,0.0757928087031727,1.06062243944876,34.5609445169605,6.51871689874486e-62,5.58747162749559e-61,129.841400528163,60.2527846691492,AT-aux-cistrans-DR5-TGTCNN-up,54,0.363638681,0.05714891,iSensor_mean_normed,DR5-TGTCNN-up,not significant,reg,AT-aux-cistrans-DR5-TGTCNN-up,0.776644166,1.49e-9,AT-aux-cistrans-DR5-TGTCNN-up,63,0.022052312,0.033024439,0.667757336,0.529121652,0.562716677,0.022052312,-0.042675589,0.086780213,conditionAuxin,n.s.,AT-aux-cistrans-DR5-TGTCNN-up,37,0.263012803659367,0.529121651669044,0.56271667717184,AT-aux-cistrans-DR5-TGTCNN-up
IAA,1,0.141623137632145,1.1439201895228,44.4114834477246,2.24341446314326e-73,1.34604867788595e-71,156.438460760675,70.8709392342019,AT-aux-trans-IAA,63,0.666579366,1.07488e-4,iSensor_mean_normed,IAA,significant,trans,AT-aux-trans-IAA,0.743340831,1.71e-8,AT-aux-trans-IAA,47,-0.411198269,0.118449979,-3.471492956,0.013279582,0.018536083,-0.411198269,-0.643360229,-0.17903631,conditionAuxin,Down,AT-aux-trans-IAA,59,-0.817076062493314,0.0132795818660593,0.0185360830213745,AT-aux-trans-IAA
IR8-ARF1,58,1.52449191880322e-4,1.02050711846232,0.437897565857767,0.662296431826025,0.685134239820026,-9.60223045318352,0.164224327921689,AT-aux-cis-IR8-ARF1,26,0.088987109,0.652492362,iSensor_mean_normed,IR8-ARF1,not significant,cis,AT-aux-cis-IR8-ARF1,0.124106957,0.433587939,AT-aux-cis-IR8-ARF1,26,-0.156349089,0.027385114,-5.709272799,0.00124965,0.003156538,-0.156349089,-0.210023913,-0.102674265,conditionAuxin,Down,AT-aux-cis-IR8-ARF1,11,-0.918990018400387,0.00124964968611773,0.00315653816220764,AT-aux-cis-IR8-ARF1
IR8-ARF1-down,48,-0.0215468872466071,1.19427760033534,-7.66565850333496,6.69666986014016e-12,8.3708373251752e-12,14.1673277195274,11.0772310978592,AT-aux-cistrans-IR8-ARF1-down,2,-0.302940684,0.117112934,iSensor_mean_normed,IR8-ARF1-down,not significant,reg,AT-aux-cistrans-IR8-ARF1-down,-0.590353639,3.87e-5,AT-aux-cistrans-IR8-ARF1-down,46,-0.158528485,0.043679171,-3.629384023,0.010973241,0.015982764,-0.158528485,-0.24413966,-0.07291731,conditionAuxin,Down,AT-aux-cistrans-IR8-ARF1-down,38,-0.828885153607841,0.0109732407376205,0.015982763683056,AT-aux-cistrans-IR8-ARF1-down
IR8-ARF1-up,25,0.0527475401890309,1.02325932792406,17.3565960328101,1.16307021859517e-33,2.79136852462842e-33,64.3436356036402,32.5541828228997,AT-aux-cistrans-IR8-ARF1-up,20,0.029937021,0.879799755,iSensor_mean_normed,IR8-ARF1-up,not significant,reg,AT-aux-cistrans-IR8-ARF1-up,0.701711663,2.25e-7,AT-aux-cistrans-IR8-ARF1-up,18,-0.145637976,0.019882455,-7.324949541,3.30726e-4,0.001231035,-0.145637976,-0.184607587,-0.106668365,conditionAuxin,Down,AT-aux-cistrans-IR8-ARF1-up,39,-0.948378343299649,3.3072572550449e-4,0.00123103464493341,AT-aux-cistrans-IR8-ARF1-up
IR8-ARF2,36,0.00360659369358802,1.01338393761221,13.0545237670549,2.62373938181967e-24,4.37289896969945e-24,42.7121143106461,23.359230556364,AT-aux-cis-IR8-ARF2,12,-0.017303049,0.930360669,iSensor_mean_normed,IR8-ARF2,not significant,cis,AT-aux-cis-IR8-ARF2,0.528430251,3.21695e-4,AT-aux-cis-IR8-ARF2,42,-0.060587566,0.014708912,-4.11910591,0.006222477,0.009926333,-0.060587566,-0.089417033,-0.031758098,conditionAuxin,Down,AT-aux-cis-IR8-ARF2,12,-0.859509154660519,0.00622247713367779,0.00992633257039077,AT-aux-cis-IR8-ARF2
IR8-ARF2-down,26,-0.0412937208766165,1.17719790504491,-17.2101911885754,2.33456652326481e-33,5.38746120753417e-33,63.6430910145666,32.2686158439615,AT-aux-cistrans-IR8-ARF2-down,13,-0.010162108,0.959068629,iSensor_mean_normed,IR8-ARF2-down,not significant,reg,AT-aux-cistrans-IR8-ARF2-down,-0.78392927,8.26e-10,AT-aux-cistrans-IR8-ARF2-down,50,0.134316639,0.048576575,2.765049581,0.032635343,0.04373136,0.134316639,0.039106552,0.229526727,conditionAuxin,Up,AT-aux-cistrans-IR8-ARF2-down,40,0.748528273602719,0.0326353431469428,0.0437313598169033,AT-aux-cistrans-IR8-ARF2-down
IR8-ARF2-up,8,0.0813318595890564,1.0923241678795,33.4589293873184,1.8370688996351e-60,1.37780167472632e-59,126.477440895862,58.860813291696,AT-aux-cistrans-IR8-ARF2-up,15,-0.004394425,0.982294003,iSensor_mean_normed,IR8-ARF2-up,not significant,reg,AT-aux-cistrans-IR8-ARF2-up,0.751666665,9.64e-9,AT-aux-cistrans-IR8-ARF2-up,60,0.064355118,0.057536347,1.118512407,0.306119781,0.341833756,0.064355118,-0.048416122,0.177126358,conditionAuxin,n.s.,AT-aux-cistrans-IR8-ARF2-up,41,0.415374428509963,0.306119781065938,0.341833755523631,AT-aux-cistrans-IR8-ARF2-up
IR8-ARF3,20,0.00841834467408809,1.02001439781849,19.953045537947,7.84662112666702e-39,2.35398633800011e-38,76.3198361897441,37.6281960620314,AT-aux-cis-IR8-ARF3,40,0.180171431,0.358906744,iSensor_mean_normed,IR8-ARF3,not significant,cis,AT-aux-cis-IR8-ARF3,0.781327447,1.02e-9,AT-aux-cis-IR8-ARF3,25,-0.119766091,0.020239823,-5.917348699,0.001037223,0.002779759,-0.119766091,-0.159436144,-0.080096037,conditionAuxin,Down,AT-aux-cis-IR8-ARF3,13,-0.923965428078053,0.00103722334411651,0.00277975856223226,AT-aux-cis-IR8-ARF3
IR8-ARF3-down,52,-0.0126231066683993,1.21016853081198,-5.01513572723315,1.98413809413856e-6,2.28939010862141e-6,1.75560089287534,5.64028019789506,AT-aux-cistrans-IR8-ARF3-down,17,0.006591638,0.973443569,iSensor_mean_normed,IR8-ARF3-down,not significant,reg,AT-aux-cistrans-IR8-ARF3-down,0.033043152,0.835433429,AT-aux-cistrans-IR8-ARF3-down,39,-0.154302695,0.035823679,-4.307282209,0.005052401,0.008462771,-0.154302695,-0.224517106,-0.084088284,conditionAuxin,Down,AT-aux-cistrans-IR8-ARF3-down,42,-0.869268365861562,0.00505240083310613,0.00846277139545277,AT-aux-cistrans-IR8-ARF3-down
IR8-ARF3-up,3,0.107874079929605,1.04152805320401,41.3902130939011,4.07221614411451e-70,8.14443228822903e-69,148.876975634676,68.0891391830169,AT-aux-cistrans-IR8-ARF3-up,29,0.119748085,0.54388515,iSensor_mean_normed,IR8-ARF3-up,not significant,reg,AT-aux-cistrans-IR8-ARF3-up,0.769359061,2.63e-9,AT-aux-cistrans-IR8-ARF3-up,66,0.014343052,0.084163503,0.170418901,0.870282092,0.870282092,0.014343052,-0.150617414,0.179303517,conditionAuxin,n.s.,AT-aux-cistrans-IR8-ARF3-up,43,0.0694054516868091,0.870282091842283,0.870282091842283,AT-aux-cistrans-IR8-ARF3-up
IR8-ARF5-1,16,0.00534157631392275,1.03338922018114,25.213838458404,3.2240399112898e-48,1.20901496673368e-47,98.0768068772091,46.9175683228534,AT-aux-cis-IR8-ARF5-1,30,0.121121343,0.539241505,iSensor_mean_normed,IR8-ARF5-1,not significant,cis,AT-aux-cis-IR8-ARF5-1,0.817752969,3.84e-11,AT-aux-cis-IR8-ARF5-1,7,-0.104175252,0.010731344,-9.707567703,6.85834e-5,6.56441e-4,-0.104175252,-0.125208688,-0.083141817,conditionAuxin,Down,AT-aux-cis-IR8-ARF5-1,14,-0.969609089571061,6.858342901374e-5,6.5644139198874e-4,AT-aux-cis-IR8-ARF5-1
IR8-ARF5-1-down,31,-0.0373805127878719,1.13100779598238,-14.6348950320547,7.54853763557821e-28,1.46100728430546e-27,50.8953408105068,26.8353476187503,AT-aux-cistrans-IR8-ARF5-1-down,47,0.228510108,0.242166757,iSensor_mean_normed,IR8-ARF5-1-down,not significant,reg,AT-aux-cistrans-IR8-ARF5-1-down,-0.729290987,4.31e-8,AT-aux-cistrans-IR8-ARF5-1-down,30,-0.250289941,0.047512989,-5.267821443,0.001887162,0.004214661,-0.250289941,-0.343415399,-0.157164483,conditionAuxin,Down,AT-aux-cistrans-IR8-ARF5-1-down,44,-0.906764534318445,0.00188716165610725,0.00421466103197286,AT-aux-cistrans-IR8-ARF5-1-down
IR8-ARF5-1-up,4,0.0829495453751228,1.0747415178298,39.2517579288315,1.10997457484516e-67,1.66496186226773e-66,143.226068081776,65.7785957100234,AT-aux-cistrans-IR8-ARF5-1-up,23,0.058500785,0.767461546,iSensor_mean_normed,IR8-ARF5-1-up,not significant,reg,AT-aux-cistrans-IR8-ARF5-1-up,0.793295833,3.74e-10,AT-aux-cistrans-IR8-ARF5-1-up,5,0.251985165,0.025540665,9.866037929,6.25468e-5,6.56441e-4,0.251985165,0.201925463,0.302044868,conditionAuxin,Up,AT-aux-cistrans-IR8-ARF5-1-up,45,0.970535162577777,6.254679236778e-5,6.5644139198874e-4,AT-aux-cistrans-IR8-ARF5-1-up
IR8-ARF5-2,14,0.0114869299766286,1.0251530290728,26.1327932504632,1.015256182356e-49,4.35109792438286e-49,101.559429903862,48.3614011425081,AT-aux-cis-IR8-ARF5-2,22,0.043944252,0.824285464,iSensor_mean_normed,IR8-ARF5-2,not significant,cis,AT-aux-cis-IR8-ARF5-2,0.751666665,9.64e-9,AT-aux-cis-IR8-ARF5-2,6,-0.16356189,0.016332032,-10.01479129,5.74337e-5,6.56441e-4,-0.16356189,-0.195572673,-0.131551108,conditionAuxin,Down,AT-aux-cis-IR8-ARF5-2,15,-0.971367012657031,5.743367555156e-5,6.5644139198874e-4,AT-aux-cis-IR8-ARF5-2
IR8-ARF5-2-down,40,-0.0317578929881453,1.22741368587939,-10.4809526403208,2.29289186953027e-18,3.43933780429541e-18,29.008591776291,17.4635251666215,AT-aux-cistrans-IR8-ARF5-2-down,1,-0.365561242,0.055750072,iSensor_mean_normed,IR8-ARF5-2-down,not significant,reg,AT-aux-cistrans-IR8-ARF5-2-down,-0.847934116,1.38e-12,AT-aux-cistrans-IR8-ARF5-2-down,44,-0.217304278,0.057534425,-3.776943593,0.009213328,0.014029386,-0.217304278,-0.330071751,-0.104536805,conditionAuxin,Down,AT-aux-cistrans-IR8-ARF5-2-down,46,-0.839003841130631,0.00921332781035586,0.0140293855294055,AT-aux-cistrans-IR8-ARF5-2-down
IR8-ARF5-2-up,6,0.137480818646956,1.05920941435014,36.3851479740042,3.13531374193438e-64,3.13531374193438e-63,135.21914315572,62.5037189940444,AT-aux-cistrans-IR8-ARF5-2-up,6,-0.123867859,0.530010682,iSensor_mean_normed,IR8-ARF5-2-up,not significant,reg,AT-aux-cistrans-IR8-ARF5-2-up,0.749064842,1.16e-8,AT-aux-cistrans-IR8-ARF5-2-up,37,0.19312692,0.042268288,4.569073575,0.003814207,0.006906807,0.19312692,0.110281074,0.275972765,conditionAuxin,Up,AT-aux-cistrans-IR8-ARF5-2-up,47,0.88133767217102,0.00381420693347284,0.00690680714980217,AT-aux-cistrans-IR8-ARF5-2-up
IR8-ARF5syn,NA,NA,NA,NA,NA,NA,NA,NA,NA,33,0.151333016,0.442063658,iSensor_mean_normed,IR8-ARF5syn,not significant,cis,AT-aux-cis-IR8-ARF5syn,0.795377291,3.12e-10,AT-aux-cis-IR8-ARF5syn,41,-0.04761832,0.011309037,-4.21064322,0.005619145,0.009182506,-0.04761832,-0.069784032,-0.025452607,conditionAuxin,Down,AT-aux-cis-IR8-ARF5syn,16,-0.864378589315482,0.00561914524620234,0.0091825056462331,AT-aux-cis-IR8-ARF5syn
IR8-ARF5syn-down,NA,NA,NA,NA,NA,NA,NA,NA,NA,42,0.192805404,0.32561751,iSensor_mean_normed,IR8-ARF5syn-down,not significant,reg,AT-aux-cistrans-IR8-ARF5syn-down,-0.753227759,8.64e-9,AT-aux-cistrans-IR8-ARF5syn-down,20,-0.233622544,0.032862986,-7.108987155,3.89385e-4,0.00130444,-0.233622544,-0.298033996,-0.169211092,conditionAuxin,Down,AT-aux-cistrans-IR8-ARF5syn-down,48,-0.945450220023903,3.8938515827114e-4,0.00130444028020834,AT-aux-cistrans-IR8-ARF5syn-down
IR8-ARF5syn-up,NA,NA,NA,NA,NA,NA,NA,NA,NA,25,0.086515245,0.661570332,iSensor_mean_normed,IR8-ARF5syn-up,not significant,reg,AT-aux-cistrans-IR8-ARF5syn-up,0.784449635,7.91e-10,AT-aux-cistrans-IR8-ARF5syn-up,16,0.213704629,0.027294404,7.829613419,2.29237e-4,9.59932e-4,0.213704629,0.160207598,0.26720166,conditionAuxin,Up,AT-aux-cistrans-IR8-ARF5syn-up,49,0.954384997937484,2.292374521493e-4,9.5993183087519e-4,AT-aux-cistrans-IR8-ARF5syn-up
IR8-ARF6,59,1.4907004156374e-5,1.01736916487237,0.0533383415965863,0.957556513262249,0.957556513262249,-9.69743550534946,0.0188355853241635,AT-aux-cis-IR8-ARF6,9,-0.076078485,0.70040491,iSensor_mean_normed,IR8-ARF6,not significant,cis,AT-aux-cis-IR8-ARF6,0.089242529,0.574097583,AT-aux-cis-IR8-ARF6,32,-0.078573585,0.0157061,-5.002743058,0.002445654,0.00496542,-0.078573585,-0.109357541,-0.047789628,conditionAuxin,Down,AT-aux-cis-IR8-ARF6,17,-0.898121801947936,0.00244565444429505,0.0049654196293263,AT-aux-cis-IR8-ARF6
IR8-ARF6-down,29,-0.0317042103470491,1.11763620931559,-14.9635416001404,1.4314119788457e-28,2.8628239576914e-28,52.5651370477187,27.5432053570269,AT-aux-cistrans-IR8-ARF6-down,10,-0.04724007,0.81133258,iSensor_mean_normed,IR8-ARF6-down,not significant,reg,AT-aux-cistrans-IR8-ARF6-down,-0.741779738,1.9e-8,AT-aux-cistrans-IR8-ARF6-down,10,-0.140152661,0.016136477,-8.685456275,1.28593e-4,7.89753e-4,-0.140152661,-0.171780155,-0.108525167,conditionAuxin,Down,AT-aux-cistrans-IR8-ARF6-down,50,-0.962457039032088,1.2859262318548e-4,7.8975316975546e-4,AT-aux-cistrans-IR8-ARF6-down
IR8-ARF6-up,17,0.0533973246945426,1.12513044866207,24.5114752391175,4.81272531348567e-47,1.60424177116189e-46,95.3546373422521,45.7947301797121,AT-aux-cistrans-IR8-ARF6-up,32,0.146389288,0.457287227,iSensor_mean_normed,IR8-ARF6-up,not significant,reg,AT-aux-cistrans-IR8-ARF6-up,0.778725624,1.26e-9,AT-aux-cistrans-IR8-ARF6-up,56,0.12521969,0.056102702,2.231972547,0.067083633,0.078852691,0.12521969,0.015258395,0.235180986,conditionAuxin,n.s.,AT-aux-cistrans-IR8-ARF6-up,51,0.673525483172791,0.0670836325967799,0.0788526909470922,AT-aux-cistrans-IR8-ARF6-up
IR8-ARF8,60,1.4907004156374e-5,1.01736916487237,0.0533383415965863,0.957556513262249,0.957556513262249,-9.69743550534946,0.0188355853241635,AT-aux-cis-IR8-ARF8,19,0.026641202,0.892953161,iSensor_mean_normed,IR8-ARF8,not significant,cis,AT-aux-cis-IR8-ARF8,0.089242529,0.574097583,AT-aux-cis-IR8-ARF8,33,-0.078573585,0.0157061,-5.002743058,0.002445654,0.00496542,-0.078573585,-0.109357541,-0.047789628,conditionAuxin,Down,AT-aux-cis-IR8-ARF8,18,-0.898121801947936,0.00244565444429505,0.0049654196293263,AT-aux-cis-IR8-ARF8
IR8-ARF8-down,30,-0.0317042103470491,1.11763620931559,-14.9635416001404,1.4314119788457e-28,2.8628239576914e-28,52.5651370477187,27.5432053570269,AT-aux-cistrans-IR8-ARF8-down,8,-0.07855035,0.69113600100000006,iSensor_mean_normed,IR8-ARF8-down,not significant,reg,AT-aux-cistrans-IR8-ARF8-down,-0.741779738,1.9e-8,AT-aux-cistrans-IR8-ARF8-down,11,-0.140152661,0.016136477,-8.685456275,1.28593e-4,7.89753e-4,-0.140152661,-0.171780155,-0.108525167,conditionAuxin,Down,AT-aux-cistrans-IR8-ARF8-down,52,-0.962457039032088,1.2859262318548e-4,7.8975316975546e-4,AT-aux-cistrans-IR8-ARF8-down
IR8-ARF8-up,18,0.0533973246945426,1.12513044866207,24.5114752391175,4.81272531348567e-47,1.60424177116189e-46,95.3546373422521,45.7947301797121,AT-aux-cistrans-IR8-ARF8-up,21,0.039000523,0.843798502,iSensor_mean_normed,IR8-ARF8-up,not significant,reg,AT-aux-cistrans-IR8-ARF8-up,0.778725624,1.26e-9,AT-aux-cistrans-IR8-ARF8-up,57,0.12521969,0.056102702,2.231972547,0.067083633,0.078852691,0.12521969,0.015258395,0.235180986,conditionAuxin,n.s.,AT-aux-cistrans-IR8-ARF8-up,53,0.673525483172791,0.0670836325967799,0.0788526909470922,AT-aux-cistrans-IR8-ARF8-up
IR8-TGTCNN,54,0.00146410892810791,1.05092912048385,3.75893015512039,2.71804664184963e-4,3.02005182427736e-4,-2.98345516393957,3.51998560445855,AT-aux-cis-IR8-TGTCNN,43,0.195826571,0.317946828,iSensor_mean_normed,IR8-TGTCNN,not significant,cis,AT-aux-cis-IR8-TGTCNN,0.254198107,0.10427229,AT-aux-cis-IR8-TGTCNN,31,-0.100013212,0.019538031,-5.118899224,0.002180585,0.004712877,-0.100013212,-0.138307753,-0.061718671,conditionAuxin,Down,AT-aux-cis-IR8-TGTCNN,19,-0.902043625890746,0.00218058490758551,0.00471287705832996,AT-aux-cis-IR8-TGTCNN
IR8-TGTCNN-down,35,-0.0308027183029955,1.06688517492921,-13.7692114818868,6.37116193474042e-26,1.09219918881264e-25,46.4424645734898,24.9616981503553,AT-aux-cistrans-IR8-TGTCNN-down,5,-0.136501831,0.488547235,iSensor_mean_normed,IR8-TGTCNN-down,not significant,reg,AT-aux-cistrans-IR8-TGTCNN-down,-0.765196145,3.61e-9,AT-aux-cistrans-IR8-TGTCNN-down,64,0.009147872,0.015500458,0.590167852,0.576613813,0.603642585,0.009147872,-0.021233026,0.03952877,conditionAuxin,n.s.,AT-aux-cistrans-IR8-TGTCNN-down,54,0.234232359319032,0.576613812563738,0.603642585027663,AT-aux-cistrans-IR8-TGTCNN-down
IR8-TGTCNN-up,5,0.0799758979702676,1.09035264231798,38.8287511116452,3.47275719516424e-67,4.16730863419708e-66,142.07671732637,65.3801443341563,AT-aux-cistrans-IR8-TGTCNN-up,3,-0.249932931,0.199598549,iSensor_mean_normed,IR8-TGTCNN-up,not significant,reg,AT-aux-cistrans-IR8-TGTCNN-up,0.744901925,1.54e-8,AT-aux-cistrans-IR8-TGTCNN-up,53,-0.139030248,0.056627598,-2.455167667,0.049442659,0.062055142,-0.139030248,-0.25002034,-0.028040156,conditionAuxin,n.s.,AT-aux-cistrans-IR8-TGTCNN-up,55,-0.707924895878948,0.0494426585659484,0.0620551416194769,AT-aux-cistrans-IR8-TGTCNN-up
PolarAuxinTransport,21,0.0573495103015966,1.12558727048626,18.5650703834181,4.10031148241228e-36,1.17151756640351e-35,70.0233362256726,34.9312511949587,AT-aux-trans-PolarAuxinTransport,65,0.810771441,1.68527e-7,iSensor_mean_normed,PAT,significant,trans,AT-aux-trans-PolarAuxinTransport,0.748544477,1.2e-8,AT-aux-trans-PolarAuxinTransport,34,-0.372120381,0.077308712,-4.813433976,0.002959838,0.005727717,-0.372120381,-0.523645457,-0.220595305,conditionAuxin,Down,AT-aux-trans-PolarAuxinTransport,60,-0.891236895660637,0.00295983843525907,0.00572771736221347,AT-aux-trans-PolarAuxinTransport
Receptors,51,-0.0131423330343543,1.16759356372111,-6.58190084396847,1.51572709466452e-9,1.78320834666414e-9,8.79835063885099,8.7487979117206809,AT-aux-trans-Receptors,39,0.177150264,0.367154999,iSensor_mean_normed,Receptors,not significant,trans,AT-aux-trans-Receptors,-0.142840083,0.366837812,AT-aux-trans-Receptors,36,-0.325938276,0.069981303,-4.657505091,0.003476384,0.006469936,-0.325938276,-0.46310163,-0.188774922,conditionAuxin,Down,AT-aux-trans-Receptors,61,-0.88506140639041,0.00347638368189558,0.00646993629686121,AT-aux-trans-Receptors
Synthesis,45,-0.0153005468606365,0.833769686968961,-8.96853764757943,7.40541803882572e-15,9.8738907184343e-15,20.9401491427717,14.0055116837444,AT-aux-trans-Synthesis,62,0.661360986,1.2714e-4,iSensor_mean_normed,Synthesis,significant,trans,AT-aux-trans-Synthesis,-0.247433367,0.114144454,AT-aux-trans-Synthesis,13,-0.439647605,0.052658513,-8.349031935,1.60419e-4,8.26777e-4,-0.439647605,-0.54285829,-0.33643692,conditionAuxin,Down,AT-aux-trans-Synthesis,62,-0.959555310458716,1.6041936456159e-4,8.2677672504821e-4,AT-aux-trans-Synthesis
Transport,24,0.0336026861772719,1.14145491954438,17.498912665275,5.92353148300337e-34,1.48088287075084e-33,65.0220482230258,32.829479290296,AT-aux-trans-Transport,64,0.703657328,2.94815e-5,iSensor_mean_normed,Transport,significant,trans,AT-aux-trans-Transport,0.724607706,5.78e-8,AT-aux-trans-Transport,65,-0.027869659,0.10227910900000001,-0.272486331,0.794382907,0.818825458,-0.027869659,-0.228336713,0.172597394,conditionAuxin,n.s.,AT-aux-trans-Transport,63,-0.110560102645676,0.794382907078974,0.818825458066019,AT-aux-trans-Transport
majortrend,57,-4.8818409005313503e-05,1.00000007564441,-0.782673010941339,0.435456279226395,0.458375030764627,-9.39071742029484,0.338779047882921,majortrend,41,0.181270038,0.355934779,iSensor_mean_normed,majortrend,not significant,other,majortrend,0.806304948,1.16e-10,majortrend,40,-0.049465634,0.011423349,-4.33022161,0.004927492,0.008462771,-0.049465634,-0.071855399,-0.02707587,conditionAuxin,Down,majortrend,64,-0.870392888994867,0.0049274918164572,0.00846277139545277,majortrend
random1,47,-0.00250225886816905,1.02179980851647,-8.06262566251163,8.63395007177106e-13,1.10220639214099e-12,16.202414383857,11.9577370746538,random1,28,0.11535366,0.55886929,iSensor_mean_normed,random1,not significant,other,random1,0.213089304,0.175442569,random1,67,0.002875702,0.015864758,0.18126356,0.862128931,0.870282092,0.002875702,-0.028219223,0.033970628,conditionAuxin,n.s.,random1,65,0.0737987502492877,0.86212893097429,0.870282091842283,random1
random2,46,0.00291265736525561,0.994471629663902,8.87000500809182,1.24806964282877e-14,1.62791692542884e-14,20.419871973278,13.7883677614544,random2,16,0,1,iSensor_mean_normed,random2,not significant,other,random2,0.775083072,1.69e-9,random2,51,-0.047583277,0.018253348,-2.606824701,0.040291638,0.052932152,-0.047583277,-0.083359839,-0.011806716,conditionAuxin,n.s.,random2,66,-0.72875677046844,0.0402916383387321,0.0529321523273539,random2
random3,NA,NA,NA,NA,NA,NA,NA,NA,NA,NA,NA,NA,NA,NA,NA,NA,NA,NA,NA,NA,29,-0.064830072,0.011529474,-5.622985983,0.001352008,0.003176973,-0.064830072,-0.087427841,-0.042232302,conditionAuxin,Down,random3,67,-0.916788833909289,0.00135200835327878,0.0031769733818708,random3
